0,1
-0.92474836,-0.11354314
2.4412675,4.100039
5.6490617,-4.53568
1.048058,-1.2884825
34.956036,14.559591
7.8583255,0.1443838
6.2240124,-6.5511994
34.484608,12.171901
1.2836497,-3.982133
2.1792834,1.7303665
2.1970606,-3.0784726
29.734999,8.513965
2.1706402,-1.8701006
32.88249,7.515225
13.498454,-1.1681918
2.606341,-5.9893994
-2.6979725,5.4281683
26.762182,8.472068
-1.7624009,0.78517735
2.9927285,-7.6614633
12.407131,0.6013025
-0.36380383,6.79696
18.15416,0.8988323
13.267397,-0.7310513
37.901096,16.230251
2.7341468,-7.340878
12.230976,0.41856828
5.968717,-3.1822083
20.483732,1.9929472
35.992123,13.835367
32.88483,6.43516
11.259081,0.02324714
37.728436,17.41227
33.101467,8.001647
34.649174,10.64344
0.035038028,2.66304
4.8361316,-7.0269804
17.324064,1.4377128
2.8173082,-2.464757
16.784786,4.0864286
2.4273634,-6.7326674
0.55960184,1.1380893
4.647315,-5.338641
36.606335,12.843091
-2.924105,5.178965
2.587291,-6.8652644
22.952824,2.0168357
19.329294,0.5389127
1.5358758,-6.6096277
2.236494,-6.5778613
38.050423,15.320829
1.1597788,-6.261979
3.0093746,-6.485911
3.2681935,-0.9720522
18.802088,4.8273897
6.0635476,-6.4437413
1.357847,-5.9330735
-2.3856127,5.434036
6.1737976,-2.9405804
37.10733,17.50738
36.56235,14.410702
34.385876,11.837048
5.7542324,-3.6595926
5.9447355,-7.032694
1.1945956,-5.357887
6.517878,-6.631285
0.2869015,1.9521749
28.03686,3.2541595
35.359955,13.638368
37.477306,16.154696
35.506664,12.333313
1.7576387,-6.226597
0.9834464,-4.3256435
1.8742766,1.9194947
1.154872,-5.527749
3.7014172,-7.00579
2.069183,-6.111365
22.113102,6.174469
3.836362,-6.562927
1.7183397,2.4039302
5.667869,-3.7512934
34.470867,11.899782
5.2147484,-6.0649533
24.693005,7.3505282
37.446587,15.943352
1.3377123,-2.8074522
-0.65732926,-0.9135953
36.144157,18.28176
1.8147333,-6.9880824
0.7990251,0.48691192
-1.5628557,-1.031113
1.6335819,-1.6881119
3.9950428,-2.6773
2.3541832,-6.920446
2.7049704,-6.5146723
26.79713,8.439235
0.9859782,-6.2582545
7.3219857,-2.3309813
3.6947575,-3.749076
1.5695662,-5.7693124
1.2545915,-6.2412243
37.84166,16.045578
3.9636142,-7.5583014
-0.65965956,0.12892999
1.1139386,-5.658544
-3.1157737,5.5912843
18.78326,4.9051394
6.0575356,-7.0752454
35.840736,12.876086
2.708831,3.6616032
-1.4423261,-0.024287088
1.2430298,-6.2946296
1.7440913,-6.99489
-2.0606296,0.0325637
3.1845355,-6.9710326
1.1904078,-6.308743
1.8386266,3.667945
36.387062,18.0299
2.6574075,-0.047950134
6.5574946,-6.177028
0.020748649,2.4632177
0.19859412,5.3848085
22.848753,6.5326705
36.37431,14.342908
18.250158,4.669087
0.5717898,2.6587873
8.634822,-0.31726775
1.0701423,4.051745
3.7577574,0.9335612
37.483295,13.9855175
21.124157,5.777228
27.083761,8.599785
2.5072122,-6.886085
3.5956938,-2.489411
1.2291253,1.3994527
-0.4455156,1.0411375
-0.422924,-0.55739963
-1.2966812,6.4655786
10.68658,-0.4416376
3.9574213,-4.1110477
0.7142628,-5.3339643
23.486095,2.2979581
4.3539596,-6.1672287
4.369719,-6.754145
5.2923403,-4.56934
28.74688,9.265614
4.2865376,-5.8252406
0.9839607,1.844932
4.6405168,-5.0778627
1.9890764,-5.6369042
1.3495982,1.7740417
2.5071568,1.6401097
-0.7126269,5.7378283
3.1945636,-2.6662025
1.8661699,-0.30762705
19.812372,0.86058974
0.54733616,3.6500914
1.5450692,2.6243114
2.31636,2.3322086
30.321106,8.609346
27.320011,8.672165
4.149774,-5.151981
5.284106,-6.7481947
0.96583897,-4.5118403
1.7236524,1.5640779
5.0919967,-6.1816845
4.4975305,-6.659115
1.6798396,-6.5926313
1.12007,-4.118702
3.297614,-3.6265502
5.5065384,-6.4491687
0.72743946,-4.92393
1.8445168,-5.8631773
-0.4634156,1.2713234
4.561532,-7.337808
1.2109818,-6.492836
3.8869405,-6.9468575
-1.51262,5.969042
1.23118,-4.3842916
4.0890965,0.97800577
2.9044127,-3.5750484
1.4377983,-5.014377
13.781884,2.217864
30.842573,5.6069384
35.99374,14.198422
33.093903,8.797262
1.7955143,4.3639445
27.632505,4.019256
37.903034,15.271102
1.662957,-5.405702
0.56651026,1.9366847
-0.578103,0.3047873
35.736538,12.72008
-0.883161,0.471723
1.6985874,-1.1260983
38.026234,16.278158
12.587449,-0.6640657
1.4465804,-5.7835226
-0.3756821,4.0538254
22.572025,6.422626
16.071936,0.9005308
-0.72747344,-1.3508857
2.1839309,-7.115231
6.2945256,-6.9173236
29.89271,3.8105211
25.79395,7.992727
0.62384325,3.7286022
32.42168,9.08914
27.189049,2.999488
-0.22339746,1.3187062
29.975014,5.735167
27.100306,3.1786902
1.233268,-0.41231093
33.61879,10.724243
35.922672,14.092237
1.3209302,-1.2335318
27.32855,2.9747992
33.02469,8.579084
2.5304205,-2.3597188
6.036139,-4.648429
21.797924,5.891841
2.0059507,-0.93695724
1.0202248,-5.465733
15.758172,-0.93878996
24.30293,2.3028786
5.836085,-4.0395846
1.2848778,2.0975494
30.751608,3.9406166
16.648045,-0.44064388
2.4463074,-6.8071837
28.674759,3.5652184
31.17944,10.296316
32.23122,6.7059894
27.159555,8.620002
33.259876,8.711917
27.006348,3.2228653
17.632586,-0.13094352
32.093433,5.8681073
18.467379,4.635421
-0.6456172,1.571553
23.102835,2.1288712
1.9329813,-2.7595656
2.5146298,-0.63926613
1.2981145,-5.9785275
1.9495187,-2.6001854
14.603488,-0.94448435
29.196419,7.185287
12.986955,-0.3373836
16.494865,-0.23154388
37.946976,16.954082
31.714203,10.249944
2.397158,-2.0482693
2.8397748,-5.479585
2.576662,-2.1252065
4.332811,-1.5157915
37.7655,17.46396
-0.535073,6.475537
1.6982031,-3.4392703
36.787617,17.99965
29.028013,3.3397796
-1.1315625,5.640183
1.6189549,-1.8277301
2.3504295,2.607821
1.7475674,-5.3211784
15.806208,-0.65505564
7.5966344,-1.6397811
-0.45525762,5.809477
34.4702,11.038535
18.618866,4.8032804
27.918354,8.908629
20.075733,5.3906326
6.380961,-6.3772354
10.356477,-0.7204119
2.8514378,3.0624304
32.564106,4.712114
34.01544,11.654983
2.7233155,-1.696041
13.20091,-0.31395492
19.022242,4.9180202
34.955166,12.085348
30.831242,10.139735
1.6012087,-5.466607
30.678478,6.8515735
0.47935084,-2.471661
16.799637,0.11220826
37.821564,16.266125
2.6169674,-0.37805328
27.490635,3.1960626
1.907686,0.37920633
30.203604,3.9707155
0.046241794,5.476526
33.91691,11.941333
1.5313516,2.7617226
-1.0515442,6.4153304
2.4232545,-2.5691214
17.938362,4.229617
18.533623,1.0124303
20.149088,0.9962182
37.70029,14.3779745
1.9279685,-0.10258399
2.1031923,1.9711838
2.9440403,2.7651265
2.761979,0.39172235
7.991994,-1.0059303
33.209576,6.560699
1.9874063,1.562419
3.173592,-4.876489
1.7454875,0.8875104
32.842007,11.171514
6.2169333,-5.626761
36.153194,17.94554
30.758503,9.123397
1.3516195,-5.0596437
34.06364,11.637505
31.548313,7.306049
37.40863,15.502603
1.5883536,-2.608168
24.314886,2.3606193
36.212353,16.983706
1.1816866,-3.8407526
33.062046,5.088118
24.724043,2.5734658
7.663772,-1.6088983
5.969401,-5.809528
27.498611,3.093499
4.755772,0.42173436
-1.8961518,4.6053367
1.480691,2.6841884
25.313536,6.205911
2.3590567,-2.0323372
0.5954965,-5.464891
2.7615478,-7.0330114
29.470083,3.4834895
25.48457,2.5808403
-0.59683126,-0.070935115
4.518916,-6.5345984
31.100054,6.331104
-1.4581459,6.2782044
24.743843,2.5297647
32.11622,10.689507
10.6615925,-0.14509498
2.5474658,3.1396127
22.7465,2.268742
2.0786786,-2.7633924
5.190205,-5.1781564
4.6608443,-4.7054214
13.136408,0.77855456
3.5175192,-4.4915786
1.8227637,2.127288
21.027222,5.757138
27.464914,3.0180836
32.974586,11.1428385
35.294987,14.261165
36.161865,16.0163
24.122784,2.3616028
1.3665025,-4.3671947
27.097883,3.3257623
2.2136858,0.54728496
32.781013,10.757053
36.202045,16.875555
6.1563053,-5.3505588
24.806122,7.436696
36.667126,14.084155
5.052527,-6.201972
32.589394,10.976603
-3.308568,5.2870326
7.1588507,-0.61204016
-1.0823677,0.69865847
1.291908,1.975585
-0.6602308,-1.2486337
2.0319586,-0.822085
37.80788,15.756129
1.3722703,-3.5105815
5.191979,-3.3447938
1.9546299,-2.6388726
1.3175046,1.3531893
29.583847,9.626544
27.166252,3.8038325
2.719381,1.1667994
32.177315,7.9983654
3.4919357,-5.977926
15.911023,3.6658785
1.5687306,-2.9530754
20.486366,5.5188384
3.6492844,-4.382819
31.782074,4.311307
28.626942,7.2230825
4.8888483,1.3286985
4.7251077,-5.503388
0.90845543,-5.509554
14.301397,1.0317239
1.2235105,-3.6164274
2.902836,-3.817397
1.7120721,-0.18817674
33.67622,9.521088
11.070418,-0.2515882
17.266483,1.7046527
22.112173,1.842913
4.2799077,-4.1863813
3.3035975,-6.314236
0.9954267,-1.354947
-1.6251354,0.015419381
2.763203,2.9449477
5.429733,-3.5547295
0.54826075,0.2172798
25.080748,5.3665147
2.3853457,-2.407834
34.848934,12.24116
25.965551,3.0419588
1.458555,-2.9267335
4.5152645,1.4378244
7.1392226,-0.95427597
0.75744253,4.062859
1.2158985,-1.6752275
0.54087406,1.6776276
11.5262165,0.89741147
0.65288645,5.567821
32.233986,4.779482
29.929684,5.542862
2.8736997,1.2973901
2.5037513,-4.9762387
-0.26403162,-0.81891024
3.5058253,1.6207486
2.3813047,-6.4580746
-1.1837721,5.5509706
21.13659,1.527163
14.6210785,-0.7566687
0.15279868,-2.091384
0.73638517,-2.4661107
29.531542,3.4836903
37.596203,17.510113
6.3739595,-6.790428
26.964972,3.0102136
27.638624,3.1195781
5.62167,-5.6033945
22.806116,6.5026736
4.796465,-6.194973
32.1012,7.2144113
0.99418,-5.1176076
-0.8988046,6.163901
27.998734,8.926117
37.41531,16.76148
13.545108,-0.32796416
4.8865724,1.3600951
3.7239285,-2.2176862
35.897495,13.078632
15.819313,0.39614096
33.660675,9.806582
1.7368579,-0.5596398
1.5533051,2.4658065
0.8324216,0.7567979
36.761257,13.00374
-1.5425665,6.186876
2.091705,-4.826883
14.493873,0.4019076
4.3102813,1.7802294
7.77758,-0.867874
22.306723,1.9159061
21.988573,6.138799
3.091802,2.5372996
16.02351,3.707222
2.0288763,-3.6947165
-2.2337296,4.319011
1.7211773,-5.5957336
3.9045286,-6.0336833
2.698113,2.662827
0.85155827,5.011397
0.043348107,-0.93946946
32.055523,7.051125
21.64519,5.939449
24.287432,7.1991305
13.273581,-0.93319046
14.551349,1.0539345
15.393694,-0.6034714
2.256879,2.8212163
16.968296,4.1533613
-0.38577554,-0.042922363
0.4281719,0.23996128
5.367088,-4.8844666
0.8672586,-0.25779447
1.9381464,-2.8661165
12.057346,-0.096449
13.809922,-1.314551
13.873988,-1.3215228
13.908627,-1.296121
0.78918844,5.6157336
4.2875066,-1.2436942
-1.5630407,1.841567
27.830755,7.87305
37.590473,17.791397
32.714634,7.890164
31.863945,4.4393573
-0.30840656,1.4415236
4.546687,-7.317536
11.807244,-0.57589495
0.5720635,6.0306463
3.9091914,-6.805104
1.8081167,0.6186265
35.82389,16.753998
16.117826,-0.7383381
25.328224,2.4765644
13.986476,0.98097336
31.32947,4.474519
37.80083,16.073784
38.16144,16.106739
1.0911496,-4.760304
7.8610573,0.18313684
12.532078,-0.38624915
2.0179603,1.1491722
-3.5736933,1.321174
27.008373,8.574111
-3.1352491,5.5260906
0.61751014,-5.82912
3.086815,1.9229579
1.1223013,-2.1029594
2.9030015,-3.7424188
26.283182,8.233283
16.013952,3.6953099
37.748478,15.66664
-1.5077419,-0.7571168
-1.5334737,0.041439787
37.44634,13.934942
6.870814,-0.7225708
21.316378,5.8456645
26.56536,8.409426
1.2198043,-5.0730853
0.9209867,4.1713676
-0.030429568,-1.1395162
-3.1795654,5.4627833
-5.907601,1.6421117
0.6160057,-1.343321
6.113763,-5.966695
31.908165,4.3114786
6.6887527,-2.2328248
31.42152,4.260926
1.6372612,-5.9644647
1.4111428,-5.601366
1.8367453,-6.91679
31.38506,8.984254
3.368185,-6.902863
31.442583,9.058086
36.08526,18.27027
-0.92474836,-0.11354314
2.4412675,4.100039
5.6490617,-4.53568
1.048058,-1.2884825
34.956036,14.559591
7.8583255,0.1443838
6.2240124,-6.5511994
34.484608,12.171901
1.2836497,-3.982133
2.1792834,1.7303665
2.1970606,-3.0784726
29.734999,8.513965
2.1706402,-1.8701006
32.88249,7.515225
13.498454,-1.1681918
2.606341,-5.9893994
-2.6979725,5.4281683
26.762182,8.472068
-1.7624009,0.78517735
2.9927285,-7.6614633
12.407131,0.6013025
-0.36380383,6.79696
18.15416,0.8988323
13.267397,-0.7310513
37.901096,16.230251
2.7341468,-7.340878
12.230976,0.41856828
5.9687204,-3.1821756
20.483732,1.9929503
35.992104,13.835349
32.88483,6.435165
11.259081,0.02324714
37.728436,17.41227
33.101467,8.001647
34.649174,10.64344
0.035038028,2.66304
4.8361316,-7.0269804
17.324064,1.4377128
2.8173082,-2.464757
16.784786,4.0864286
2.4273634,-6.7326674
0.55960184,1.1380893
4.647315,-5.338641
36.606335,12.843091
-2.924105,5.178965
2.587291,-6.8652644
22.952824,2.0168357
19.329294,0.5389127
37.34984,15.433383
2.525488,-2.3275368
27.039827,3.370172
37.199024,18.082071
2.5590177,-6.1331143
6.4464,0.41900697
21.494366,1.6769432
5.269681,-5.1201353
2.3996296,-0.34236535
-2.97737,5.5534983
2.2804172,1.9209869
36.02711,15.457658
0.8208614,-6.7924533
4.235781,1.5907534
21.332935,5.883354
33.466923,11.414527
32.909897,5.4401937
36.18648,14.527061
-1.4306056,-1.2553248
27.989307,8.935406
33.23715,5.3177285
10.779763,-0.7913352
1.9040384,-2.34758
1.1135612,-7.0458913
0.97370774,3.7572072
3.8657246,-5.557775
31.495884,8.18161
-5.9108453,1.6317104
5.3531704,-6.6561375
30.298433,8.461824
6.6828246,-2.4924145
2.7263868,-2.648219
24.256542,2.4465983
32.99663,7.359326
2.6338766,-5.7667637
2.2474816,1.0801078
4.762256,-6.06864
29.72379,9.690602
5.7654467,-3.9462266
2.4454424,0.16493048
-0.3325989,2.0350366
32.56798,10.965673
1.3939886,0.49404708
37.443615,14.833109
4.610109,-7.398168
13.9437065,2.4339013
35.661358,13.634206
33.496155,10.291261
30.680773,3.8736553
4.8018956,1.8761443
1.317533,0.06768121
1.4201269,5.2413177
29.568382,3.5214653
1.2658391,5.761761
0.06151441,6.256147
1.8603594,-3.2924147
37.78014,17.25962
13.53625,-1.2239579
-2.5185304,5.8236976
21.942371,1.7817072
1.0957046,5.9247108
1.6196926,1.2270905
1.1693206,1.6535767
23.61525,6.90412
-0.68902034,6.7678432
2.217203,-4.765965
5.252394,0.25480786
30.834614,7.409079
2.1079936,-2.3483288
18.329075,0.33414474
-2.9623196,4.960011
17.1979,-0.275403
9.114855,-0.24007069
3.5622253,-6.2861547
33.753136,10.556933
26.903843,8.532679
-1.4726636,0.19664265
4.5644836,-6.891477
24.397257,7.28733
17.607908,4.4616094
-0.76985973,1.3668252
-0.193598,-2.1291804
33.43929,10.548499
16.785175,4.062343
11.8479595,-0.70510614
6.437716,-4.6655464
24.432268,6.3050337
23.808292,6.9783406
35.855797,17.065802
31.893951,7.5156956
4.940402,-4.115135
30.30569,3.7331276
15.131369,0.06508197
27.369444,3.127542
0.59658295,1.5257466
0.8554674,-4.9610615
2.2121682,-5.6963515
-1.6664462,0.27468815
5.2916923,-3.779441
2.09134,-5.88262
2.1567879,-0.2535313
1.3278046,-5.7926445
2.9130244,-3.9522681
-2.6100545,5.963199
7.11811,-2.2390234
6.6310983,-6.0397077
8.0219755,-1.5862089
-1.6393259,-0.55073047
-1.1952512,6.046668
20.08096,0.9482949
12.945741,1.0275513
1.0913165,-4.431626
2.4098268,-6.539288
6.3067145,-5.387446
20.683601,2.1683435
2.2655833,-3.397024
19.678286,5.237307
33.06158,9.3064575
35.474903,11.772847
-1.2728717,1.6324757
30.793509,3.8835735
18.779182,0.78879875
0.12448743,1.4555434
-0.11072299,2.8209524
1.8150134,-6.4094853
35.83995,17.51246
1.1322856,-0.98586285
13.082166,1.8903695
0.43120196,1.625728
3.9335537,-6.789644
-0.3643026,0.9679793
2.6528063,2.9658499
1.1347096,-6.5997233
23.015577,3.0894008
7.0945215,-2.3127306
3.7373211,-5.3758445
2.9290047,1.0885473
30.846386,4.045512
24.6617,2.4458663
-1.2940521,-1.5045708
13.691218,0.119417086
6.14292,-2.32473
37.72869,14.508117
29.696453,3.6030192
4.6324587,-6.8863015
34.162983,12.714385
23.225836,2.5176759
36.420227,16.490627
2.9834123,-5.3429685
30.308456,3.760382
2.3554184,-1.5699168
22.031994,6.225126
27.267673,3.0138671
5.7439814,-5.87904
-2.6485152,5.8036094
31.397787,4.1532454
1.2360291,-4.5946393
17.6817,4.4924264
5.271821,-3.6436985
2.5524743,-5.3351927
11.716838,0.086617604
3.9712195,1.3160797
-2.4359226,5.240428
-1.0260603,0.050025836
1.66981,-6.450044
31.238346,4.0964212
37.955807,15.868429
1.7298222,-5.060791
0.7419825,3.558314
32.77641,7.1078334
13.1884985,1.6774758
13.8876,1.8285995
17.225956,4.2789836
32.69293,7.2381573
32.887417,7.05528
31.903973,10.654321
32.889748,4.9531426
24.729858,2.7637756
32.39487,4.64418
18.826044,0.79300016
32.889603,7.7347355
32.737026,6.811918
-1.7457712,1.6432512
26.029778,3.763218
4.8622174,-5.4688916
37.24847,16.75473
2.1893497,4.415775
6.0556192,-5.211077
5.7510467,-5.288771
32.418434,10.8862915
22.365437,2.4583626
26.368383,8.304694
21.269318,1.6093742
5.5127244,-2.978079
31.771313,7.1256914
1.3904183,1.7326632
29.484005,9.592576
3.8703861,0.31136695
14.944035,-0.98380196
14.739462,-0.72750056
5.4200315,-2.9153943
27.835424,8.865782
32.68406,5.599619
30.750908,6.380707
1.7039275,-5.769961
32.781666,11.071591
1.3735697,2.6984684
24.460226,2.469257
4.419105,-5.6418104
12.981045,1.5790925
5.3248878,-6.914023
-2.2566428,6.245586
27.010956,2.9815137
10.304369,-0.7305964
2.957578,-3.8917224
2.1295724,-6.9003124
25.829721,7.978648
2.7746735,3.8865104
29.591389,7.460489
26.905384,3.1779575
24.57808,2.756671
-1.7193103,5.879516
-1.9587951,-0.29319724
14.743749,2.9635086
6.580851,-6.2756696
4.234141,-5.785088
34.465137,11.160039
33.983204,11.287908
2.371922,-6.049803
17.223013,0.24831988
0.21941474,2.489272
35.530296,12.201426
37.857113,17.366535
31.41637,9.253575
4.194011,-0.13028942
4.0151486,-4.909475
24.672134,2.4359205
2.994963,-7.2611957
5.023661,-3.7901945
17.662693,0.15051235
32.24876,4.535531
27.11803,8.599806
1.0923197,3.5310736
2.0451136,-5.5462394
1.5772393,-1.2560295
2.3852358,1.6467564
1.231945,-3.0121174
4.1053033,-5.7901154
24.534643,2.3804238
0.5384386,-2.4152327
30.195114,3.795483
7.328691,-2.2797704
1.1280077,2.3365583
-0.083366364,5.389647
-1.1826181,0.15781607
19.72496,0.9279437
29.225107,6.5420895
32.891537,4.957346
0.48944,-1.9218689
3.8274674,-7.3179464
1.0811579,-4.8585258
4.4968185,-6.1479907
24.407448,2.447289
35.77553,17.044796
4.325616,-4.5014415
-1.5577853,-1.2048892
-2.990678,5.5392203
32.97532,5.065165
22.310595,1.8585767
14.880285,3.0206604
1.3088746,1.9150496
17.475136,4.356004
5.876836,-5.6952124
1.6291852,-0.36726722
23.515648,2.5128782
3.1720994,3.473903
21.90907,6.1336365
37.742085,15.596724
4.1241155,2.2429852
-1.1785955,5.61969
5.6334486,-5.934447
1.1967509,3.9241552
13.546535,0.8243743
31.898254,7.0553
13.280559,2.1025481
1.279768,-5.5994797
0.5013109,0.23300637
0.7756167,3.4310598
29.289225,5.7902884
2.6850958,2.181262
-5.7913475,1.6028699
23.973541,2.3717268
1.6920018,-0.63628757
3.4023461,-6.1312866
1.0905607,0.75385725
8.48563,-1.3773223
22.116867,1.847827
5.5882344,-3.7671833
29.157318,8.579198
32.50722,10.905141
22.114857,1.8698885
0.95505816,0.030003684
25.507479,7.764502
3.4452057,-5.586629
2.3498895,2.420299
32.107914,6.397396
28.837389,3.3759415
26.599102,6.205165
5.5409245,-5.3564
31.930624,10.594185
27.543299,8.764186
13.312514,0.17478956
6.0382833,-0.6326002
30.593939,7.2231874
26.693245,2.9867945
1.8219249,-5.7219424
1.6470668,-0.1742209
5.5239453,-4.398045
-1.9705117,-0.74265206
-3.2191777,5.2921004
1.1922953,-6.644962
31.72716,9.35471
17.407913,4.37882
3.5366337,1.7311682
1.0339916,-6.019657
2.7549262,3.9189534
0.28175643,0.9704751
35.99692,12.217491
30.895576,3.9104283
32.62136,4.8295283
-1.6726236,-0.30263683
27.686335,8.816727
14.23742,1.557731
20.22798,1.4152699
2.0408738,-5.808365
0.89299494,4.0076346
17.75788,4.51908
34.625507,12.954634
-3.1227043,5.574822
-5.921786,1.6274365
1.1887221,-1.0075368
16.518696,3.9258325
24.250624,2.4125037
23.637106,2.3304431
8.28556,-1.316188
30.270325,9.936729
36.59351,18.091429
3.9006383,-7.0324216
37.750645,17.178526
3.6204305,-6.665458
0.3425837,3.2029915
31.830294,10.405057
32.830837,8.109235
19.357,3.7711368
35.841293,17.53743
31.20881,4.330054
2.8523166,3.7679255
2.478615,0.81644666
1.0404103,1.6174986
19.466963,0.7956891
1.5837691,-3.1989412
1.6837399,-2.5279384
5.403347,-4.9984646
29.209167,7.2755723
0.73001224,-5.106064
0.38819793,1.8561641
18.626661,4.7999263
19.155024,5.001834
8.569321,-1.4051391
0.7547112,-5.9457016
12.282194,-0.35274658
3.8765736,-4.317578
5.3473516,-3.5183382
0.3490143,3.849067
-1.5451035,1.5694345
27.69886,3.0651727
5.1727195,-6.48278
5.285889,-4.1350665
1.5484242,1.0842806
31.546701,6.2145524
1.748414,-2.86053
6.543885,-1.6584941
0.91574055,-5.9787965
23.660051,2.3766007
0.22860196,-1.997428
31.643892,10.024418
19.365847,5.1099486
15.897278,3.6428554
2.371213,1.6144813
28.397282,9.131779
30.935196,8.26254
31.110542,4.8388114
2.1644442,-5.721767
32.426918,7.471422
0.94129425,2.8734467
1.8509223,4.2678943
24.345367,2.4400485
0.98808056,-5.149883
1.7984242,-3.637073
5.967109,-5.996498
21.180765,5.846504
0.45041993,3.3042707
1.9413505,-5.76496
37.48646,14.051635
-1.6447885,-0.7889062
2.6740682,-5.8569775
3.9975355,0.59933317
2.5851612,3.7980933
2.1062071,0.9302479
14.533424,-0.16616283
0.6606203,-4.920107
6.0027947,-6.3598094
23.864191,2.2538185
5.926574,-1.9547678
2.7587767,0.40104476
0.9823213,-1.1124991
0.851522,6.1613774
-0.26748988,-2.1125178
5.8037176,-1.1190602
11.538699,0.02614178
11.938617,0.24122418
36.31289,18.065798
32.64724,11.021168
12.51766,0.10424556
32.965256,6.4011507
12.574207,0.1922871
3.850871,-6.1201367
17.559555,0.0027687717
23.973925,3.3100166
12.258709,0.2811257
1.9072978,3.3649626
5.7061186,-2.9307058
5.503981,-7.0714183
37.19449,14.869787
24.695103,7.4067626
26.66964,3.1211338
18.260542,0.10837127
36.246807,16.25484
1.5973282,-3.942708
22.87183,4.4445977
35.895123,16.996908
21.387016,1.7277132
24.222588,2.3434904
29.393694,3.465304
5.1530795,-4.752716
6.2487655,-5.924375
2.1089277,-7.287969
27.181095,3.0316944
22.431395,2.0137749
1.4748998,3.5100455
0.5316542,-5.675135
1.1166923,-5.1759872
0.633755,-2.8414698
29.262728,3.4438486
-1.3746545,1.4839553
3.384192,-4.105151
-2.037761,5.447948
-1.8456264,-0.6659919
1.4102063,4.2725735
28.4963,3.2862673
31.828379,5.434662
1.608671,-2.7928963
25.751179,2.6288557
32.998825,5.867393
6.035976,-2.8399453
7.558575,-0.50885546
3.706458,-6.2508464
1.6893666,-1.1209418
-2.1909404,4.0939994
1.320179,-6.424849
6.112865,0.26408616
32.89281,6.7912207
34.08478,10.330217
6.7103286,-2.4900713
36.24915,18.189196
1.2023375,1.4726645
1.1805387,-0.21865426
2.2320757,0.9332808
-1.5875835,-0.9839599
2.4179258,-6.362901
37.54527,15.409119
0.9177614,5.6842
29.612198,9.64555
2.8985255,2.2135766
37.131733,15.492752
31.774221,4.374578
34.945606,12.14761
27.638346,3.0999022
36.738472,18.052856
0.19035152,0.20802797
0.85201746,-1.5132705
2.413614,-1.4693235
27.20501,3.1921225
10.55506,-0.42750892
2.0118093,-0.243811
1.5073385,-3.395021
0.934804,5.522238
1.8438299,-3.099437
3.6401932,-2.9847403
30.608335,6.844435
35.4255,11.764996
36.439182,17.647764
-1.2634151,6.268854
1.9687157,1.4566289
2.7510304,2.1162791
4.450437,-6.098263
6.615137,-4.0630236
15.468648,0.24882902
1.2396414,1.6498613
0.009635004,0.13203134
33.711384,9.683371
2.6051528,-3.391061
17.018314,-0.426576
5.912462,-5.076381
-2.5840402,0.24736501
24.830378,2.6131277
30.494638,4.072455
3.0493371,-0.08111726
-0.007031885,0.27260938
17.917746,4.596174
31.587978,6.4137735
2.458071,3.3789122
35.3847,14.787204
5.813404,-5.4322443
36.216328,16.89429
2.0404642,-2.2537029
30.198029,3.8224132
6.3540688,-5.063392
9.435212,-1.1171783
-1.515563,1.3173803
4.1615977,-5.8541093
29.981747,9.80527
10.2965355,-0.05415927
21.740824,6.098459
22.900301,6.534236
-5.7734814,1.5726599
4.552602,1.1381823
-0.22143671,3.7779937
32.225124,10.544241
-1.0950487,0.12531413
2.6665578,-5.7156396
32.17196,8.489745
0.8508888,1.2728544
-1.3779356,-0.25574932
33.723404,9.709129
32.077194,10.700382
36.202293,17.042145
1.5906191,-1.8616728
3.3833928,-7.258885
13.002966,0.9062904
1.3393087,-5.805247
21.979977,1.8198873
37.262775,17.152412
4.1509595,-6.418513
-2.3726046,5.9242706
0.9938081,1.1893927
-0.9827065,1.9719958
1.0162239,-3.5713058
-1.5202167,2.3842998
1.3351402,-5.080714
4.088756,-4.767532
15.9516,3.6815062
2.211077,-3.9751654
2.0097961,-4.5709453
3.2351294,1.6697913
-0.57923645,6.6998916
8.920123,-1.4423953
30.188635,3.6690822
2.443248,-0.9954847
17.878145,4.563134
1.8130186,-1.9588898
0.7707954,3.7814238
-0.79627293,1.7634392
-0.93002504,-1.4538311
1.5475461,-5.4183316
0.38203695,-2.1977901
1.4602413,0.7336229
9.619371,-0.90911305
34.018166,11.660231
0.6778918,3.1200864
1.4139402,-3.827825
2.8506544,-5.6786337
1.7020028,1.3941747
36.173443,17.835384
6.7649918,-0.7629086
19.498943,1.8561217
0.7615276,3.3000858
4.0013256,-5.3213253
0.167151,-1.9244813
28.5719,3.3405647
10.137888,-0.7594129
23.864693,2.3350053
-0.18145439,0.75927246
6.2587733,-5.8507853
33.606697,11.425252
-2.934547,4.508819
4.7590256,-4.0368953
-2.9741192,4.669929
1.2454679,-5.750603
4.191993,-2.81548
-2.02021,2.8155363
-1.1639135,6.708802
-0.29578492,-2.2418067
28.70286,5.126287
1.4602501,-4.7142897
1.5392272,1.7309678
5.3758597,-5.170624
2.4982831,0.9957286
0.06278232,2.9950488
3.1018703,-0.76959336
30.85864,4.1663246
24.31791,2.4463766
23.085411,2.1589718
1.8762722,-7.0984635
1.3200035,2.357689
-0.81387085,-1.0993345
8.779007,-0.28771695
3.3370647,-2.6849265
0.9477473,5.949279
37.39564,17.479145
1.2840409,-0.1877142
-0.3795037,-1.405192
15.979167,3.6378727
5.678178,-6.951035
5.334177,-6.9968963
19.748926,0.92713344
1.7594562,-2.8048384
26.47985,2.9150617
14.308265,-0.92991626
4.299828,-6.8624916
0.085894614,1.991932
1.2399163,-2.8216414
27.137077,8.602274
1.489656,0.65429986
5.776368,-3.5151155
4.248673,-7.4381404
15.050413,3.2109318
2.0593936,0.6592103
5.71917,-5.2355967
32.899014,7.765658
14.571074,-0.791366
4.0834565,-7.037419
2.0204933,-7.00545
13.720035,2.3670015
27.524057,3.0732849
1.7768042,-4.4001203
38.083313,15.59934
0.07449868,-2.0097456
-1.321162,-1.5038463
13.519307,0.2585334
1.163835,3.3078923
0.8862849,0.673488
25.255032,7.662011
13.158805,0.78316486
4.0943437,-6.315604
-1.1721144,-0.8415451
0.87785417,-0.17756186
2.7697155,-1.4493881
29.034199,9.392498
2.6449394,-0.95489776
13.31167,-1.1559933
12.143914,-1.1586229
7.7945046,-0.9084419
-1.5882635,5.4700007
-1.4553072,-0.74933004
28.89809,9.353347
36.41023,12.648647
13.9783535,-1.2297329
3.6196074,2.6220808
32.15179,9.565534
2.5322332,-3.876894
31.30485,4.2832603
30.417135,3.7732284
0.8006001,3.7888613
17.348545,-0.059822187
-0.36794326,-1.7840158
25.38225,2.6365216
1.8060777,2.823177
33.677402,9.7404375
19.885883,4.4655
-1.7690673,-1.0002244
27.897234,3.178749
1.663064,-2.9080873
28.664373,9.243143
33.49336,9.066357
2.4105537,-3.74736
-0.87969106,6.36715
29.282534,3.514038
5.2259808,-0.57570684
6.268679,-6.885461
26.259108,3.2218876
-1.0870543,-1.4696698
6.093555,-5.935701
3.2250633,-7.2353826
18.835827,4.887038
21.48235,1.7202876
0.1422005,6.005721
1.7052944,-6.437378
35.8403,12.435241
23.403332,2.2522957
29.680618,3.6409307
-1.6675625,2.2049103
2.585159,-5.499767
2.2726634,-1.2489067
37.400658,15.677294
1.6639092,3.7972686
1.8754184,-6.05071
4.495973,-6.8415246
1.814645,-2.442231
5.985207,-0.4883617
1.8229868,-1.5276991
-2.5923955,5.147615
32.202312,10.6617985
36.4389,16.485561
-0.7765102,0.9344187
0.8810075,-4.2704988
27.652416,3.1230114
1.7419133,2.3406122
-0.100553244,-2.248231
0.22102883,0.8121923
1.5277066,0.9260577
25.376152,2.622633
5.5084176,-5.127808
5.8895955,-5.403499
17.510752,4.4137573
25.434444,7.803121
2.9791512,-5.92412
2.5930347,-2.7441916
21.858854,1.8516215
1.4858325,-2.2885752
3.643428,0.072341576
27.201868,3.13541
30.213722,9.899916
33.792778,9.790462
20.114683,0.9792202
5.672343,-6.322527
0.7032824,-0.09814726
2.3094368,-5.123622
6.0429025,-6.0793657
-1.0743878,0.37721434
24.563622,7.3097653
0.811384,1.3359288
0.6152428,-5.130689
-4.164818,1.2018658
5.315006,-0.35669598
9.240025,-0.81573284
3.9628372,1.1342474
31.516823,6.411902
36.688442,17.689135
30.932163,3.954762
-1.8935516,5.3383617
35.644207,16.641764
9.818224,-0.89695513
12.778858,-0.41471347
32.370644,10.996399
-1.9983087,3.300151
-1.5288839,0.19694532
18.489355,4.7177224
31.998228,4.497867
26.808216,2.9473085
0.28730682,3.2671638
21.3526,1.6568781
37.829624,15.895249
3.44622,-7.326343
27.292711,3.1029367
3.2094731,-2.1618428
6.052971,-4.4953523
31.097498,4.013907
30.331236,4.150874
31.873022,6.117773
0.7653399,3.5577826
1.8614957,-4.9087324
5.818173,-4.7190547
0.18991902,-0.15319
-0.71918267,0.31798854
4.781673,-6.065341
2.711101,-3.7066135
33.03186,10.076674
12.701147,-0.9427055
-1.4055028,6.5060387
2.7129488,-6.8953795
-3.2442892,4.962072
34.99055,11.066061
12.20367,-0.8556694
0.8995729,4.915219
13.822752,-1.2876998
12.157582,0.08746065
-2.6796315,5.4003015
15.024034,-0.96330345
-0.26039216,6.4160867
-1.1043758,6.896495
28.798407,9.299397
35.728767,12.323686
21.602571,1.8524855
12.2347765,-0.5313908
28.669779,9.235573
37.6479,14.344193
29.5918,3.504554
20.856909,1.5453349
0.27017263,2.1788974
1.6162968,-0.48103485
10.203385,-0.14136253
5.369865,-5.146371
33.456913,10.88568
23.770535,6.730141
27.159643,8.626883
12.707976,0.4505526
25.281366,7.7353306
0.4395838,2.6089325
1.5996692,-4.142958
19.369356,5.1058164
26.089867,2.8091466
4.5060086,-3.8532991
1.8164761,-3.3733692
1.8743956,0.57903373
2.8115838,-1.8348609
34.11606,10.355321
-3.789316,1.6014546
14.666229,0.5263196
2.3044248,4.1791945
14.016587,0.53615844
14.423131,0.05878009
3.3560867,-6.1819224
-0.2941241,5.9337006
30.03794,3.8015213
12.832019,-0.6290473
16.247946,0.39861122
11.597732,0.6764325
36.262363,16.952448
27.20303,3.2852638
28.431332,4.7627525
24.731989,2.4298007
0.805666,3.5971894
24.05053,2.3427439
5.1026335,-7.3247457
2.0661025,-6.412509
37.594654,14.178612
2.268747,-1.9171398
30.65584,8.998772
-2.070134,6.0114655
1.1901634,-3.7849941
1.7256441,2.5538173
15.702234,-0.07986008
37.92416,16.275906
25.423769,2.650507
7.809365,-1.6722177
33.991547,10.388295
37.241184,16.682556
32.78644,5.2080355
0.71422225,-0.67688525
4.2355466,-4.9878025
12.39223,1.2407821
25.491127,2.5598018
-1.5779362,-0.94680905
11.571142,-0.37857828
1.4691496,-0.07582007
1.0249381,0.6365007
25.091179,5.039562
1.7346537,0.5741075
0.40349558,-0.22498737
1.511018,-3.158369
3.1380234,-7.0877013
33.16719,5.202598
2.7605538,-6.163542
2.894319,-5.1249676
-1.561851,2.0084558
25.751022,2.962151
-2.4775548,5.4203205
35.303867,14.252076
31.51329,4.815285
6.627624,-3.600345
2.5564945,1.1907693
0.44942763,-2.4987843
5.550605,-5.916249
35.289436,12.022857
5.2508874,-4.3738832
25.311396,5.5271544
3.7621121,2.9910328
28.617323,9.227679
5.24729,-6.81693
36.248528,15.552046
4.4572897,-6.722595
33.4285,8.954686
36.34109,16.359303
-1.245949,1.6482666
0.17449716,3.2099009
1.6182072,-5.75255
14.012557,-1.3463587
2.7617955,-5.5261564
-2.5546956,5.2464833
1.255399,2.0847557
37.948803,15.496846
2.815519,1.8809278
6.825225,-0.8261925
-1.3271406,1.6520387
-3.095772,5.57492
31.97388,10.627119
7.3859344,-2.1264365
1.622463,-3.0271091
4.1297812,1.0376941
4.1561904,-4.6551466
-1.0346773,-0.95421064
6.54756,0.2957479
6.624758,-6.5475535
24.103127,2.2981536
-0.9830069,0.3649613
0.9417313,0.5953845
2.558687,-6.955833
2.1980195,0.10428728
27.284071,8.660851
12.459867,-0.02046643
6.515557,-5.0288043
-1.8358603,-0.8165014
0.529671,-5.62353
32.26621,8.136987
23.223349,6.6509824
12.395433,-0.03358017
15.554849,3.2006183
6.2241926,-6.1977496
26.78083,8.438604
6.543001,-5.986506
2.0345268,-1.661302
-0.27770063,-2.0970473
25.567646,7.855493
0.9576865,1.0992788
5.4077435,-5.029238
34.270065,12.529003
-0.13014218,2.1703928
11.242086,0.6361743
29.895908,3.704729
5.0968304,-4.4818635
3.0400035,-6.974484
3.5602915,-7.3384366
20.770926,1.4158281
4.5302334,1.8164266
4.5846148,-4.8465233
2.6060162,-5.6508164
27.737705,3.0739245
30.760212,9.054682
9.175678,-0.9225205
4.4308867,0.38021746
19.3211,1.5317353
14.669611,-0.42389044
32.15555,10.704222
5.2043724,-7.1999526
32.529747,10.955479
1.1325002,-6.231728
14.093415,1.332548
-1.4090083,6.5444374
1.2413726,5.428426
28.34679,8.240334
31.423609,10.073418
31.774876,4.4313755
1.9508266,0.9677018
36.182144,17.344162
7.2894444,-0.29346213
5.657403,-1.8592705
11.704716,0.8045589
6.3886194,-0.72316253
0.7884341,-2.2223167
1.294435,-6.5097256
2.2264485,1.3420066
-3.1537237,5.39835
2.1387854,3.012671
-1.3190341,1.3831425
32.720737,6.198824
32.782173,4.9084578
17.781115,-0.15528415
-1.1829486,-1.5538579
18.802124,1.2601668
36.542652,17.85879
32.4744,10.996837
21.444078,1.6529778
12.610203,1.1176277
1.3206275,-4.625971
0.49198487,-5.7551413
-0.62804455,2.7946775
0.36362723,-2.3873599
9.553175,-1.2683467
16.078802,-0.7372899
0.049324546,2.272921
7.422287,-0.52213395
13.704144,-1.2298287
30.537205,10.05292
-5.863732,1.6355673
25.130913,3.023026
11.314438,0.8577682
5.213328,-7.032697
-0.8631739,1.7495172
37.604942,14.281849
1.8715787,-3.5025973
10.948561,-0.46158943
3.4411829,0.99921954
1.2400582,-0.47445998
1.0592687,-5.4163356
-0.3382301,-1.7823529
-1.6940458,-0.0070293974
25.082418,7.5400724
2.6474621,-4.9208345
17.951662,0.6149132
3.3735766,3.8660955
2.5081968,1.6538943
3.8519018,1.3153242
-0.37099478,-2.108937
35.844246,17.001663
4.210606,-5.941029
19.047686,4.9393396
2.2376938,-7.050821
6.442687,-5.9459543
1.234482,-4.221295
6.530582,-6.149549
22.805233,2.036847
1.6778181,-0.8684088
3.6176267,-3.7853398
20.663029,1.8501393
-2.5980415,5.8495927
2.2885325,1.9745839
0.61552364,-6.369634
33.67885,9.815229
-0.99575704,1.628795
-1.4527917,-0.18448876
28.535631,3.309764
1.482485,3.4883137
32.949116,11.168444
6.3679442,-5.6550937
11.181645,0.6171545
-0.619296,6.5199018
-1.5963848,-1.0523796
29.362144,7.295422
-3.1304252,5.0919023
37.78992,15.79472
13.441201,-1.0971199
-0.9736096,6.221049
1.5233579,-3.7463274
23.282299,6.718099
1.1125162,-4.297476
35.970036,16.28048
-0.6042442,6.6658483
0.79612404,3.7084315
4.0381866,2.2122006
35.53967,13.664576
34.446297,10.77634
-2.8703752,5.702536
-5.861529,1.6530341
22.730412,2.00357
2.0016942,-1.180375
26.991982,3.1542702
3.857573,-7.096232
19.569288,5.1774344
27.27254,3.1020746
1.6790612,1.4547707
32.475193,7.1419454
17.608826,-0.081134185
3.5299742,-7.0129914
34.919476,12.066242
31.974482,8.433972
4.4192243,-5.790351
31.083334,5.532891
36.26092,18.115602
7.060995,-2.6530433
4.9765215,-5.248824
35.892937,15.093086
15.915491,-0.865507
0.33713582,3.126672
-0.35311815,0.22193684
37.64323,16.504358
-1.8276784,4.2469354
2.9834657,-6.0754466
0.40650824,-0.29726323
21.780148,6.032313
-1.6705291,2.1134248
5.3093543,-6.9661045
0.8112417,5.6049604
1.2906284,5.6747303
31.595455,6.255672
6.1104836,-7.0857654
1.931406,-2.6402266
22.822674,2.1365888
8.1444435,-1.4206945
5.7936234,-5.275414
4.7168226,-7.0139728
1.7448637,-6.8516135
20.541172,1.7332172
1.8212788,2.778592
2.09882,-0.35399136
7.753762,-1.5731324
14.165046,-0.23252188
0.77596575,3.4427104
0.019872699,-0.47224912
0.11095193,-0.15619002
0.67871386,1.4771742
16.098343,-0.4303592
20.785278,5.616984
36.341614,18.143154
3.39597,-6.5442414
-2.8861287,5.6285806
0.0075931875,6.383064
10.077161,-0.8006228
1.7808628,-2.698998
2.8916295,-7.3602204
11.002859,-0.6954459
24.546251,5.4182467
-1.7332537,-0.7053894
0.77311784,-6.4336715
15.901053,3.656419
30.90583,3.9271662
0.8332823,-0.09366594
35.584362,13.605371
34.603107,13.709399
17.387774,4.359332
2.6296513,-7.136078
22.747364,5.82964
23.31662,6.7085643
30.854382,5.9350986
31.949999,5.6827354
37.07948,18.304617
18.314577,4.6947727
28.389395,3.304315
38.00459,16.819008
2.0355103,-0.68641317
25.008636,4.5913005
1.4732904,-3.3566644
-0.26362464,6.341757
36.526646,15.715349
2.4104156,-1.0755352
32.77384,11.083542
1.1194487,-4.39547
37.38572,15.571508
30.920372,4.087866
3.192158,-3.5231323
0.62185293,0.41608563
1.1825225,-6.343784
-1.4512267,0.5796852
-0.6730687,-1.9039739
1.5262666,3.2268682
0.62481576,-5.2165003
2.9404266,-5.4720597
29.026241,6.214782
29.828297,3.5697534
-1.6301069,1.9852194
0.945072,-0.077366695
13.468043,-0.9949385
1.5742652,-0.78845394
-2.570442,5.8402724
8.0956,-0.85224164
1.845212,0.24168982
1.3012936,-3.8143432
-1.5923955,-0.82029414
0.34586623,2.9709506
16.065758,3.2613657
24.899141,2.4834268
3.8385823,-4.6101494
3.268214,-1.7353016
34.30612,10.577268
19.454958,0.70559937
23.47825,2.1725745
19.913046,1.2500191
5.9110646,-5.648348
1.9912989,-2.1302354
1.0908606,-5.071516
33.709244,9.559503
1.2577369,1.2272921
2.4292529,2.332206
6.983151,-1.6694001
4.8494005,-5.4790473
31.773354,6.444517
1.8681936,2.8772209
-0.7628812,6.2491755
-1.7507391,0.016481297
25.888056,8.026325
2.0480602,0.7070297
32.27582,9.680668
24.426756,2.3679447
6.5420976,-5.575173
1.7470572,-3.0918415
17.217247,0.38678506
35.50516,12.351164
5.097407,-3.3663707
17.29415,0.31769505
36.658104,18.015882
20.169159,1.8882035
36.77506,18.410786
23.97774,7.0797386
32.877377,6.567779
1.1522446,3.7379527
3.1586409,-6.4029193
-1.7032716,4.6234465
16.762316,4.02276
26.013412,8.037584
4.9909005,-0.096365556
20.532055,1.3439351
32.41399,10.878393
5.459327,-4.9844
37.40678,13.8707695
9.629377,-0.8498727
23.149712,2.092987
14.241176,2.5946465
5.445459,-4.5424476
1.8921089,-7.1447725
28.172756,7.102849
-1.6861033,0.14834727
36.725445,13.035908
1.528744,-0.86654246
1.6300623,0.18069662
24.746191,7.397144
0.43562987,-1.4653825
33.534554,11.406338
4.051267,-6.135674
3.4393826,2.727674
1.4357789,-0.20989858
37.4382,15.119424
36.36928,14.941516
1.8785753,-3.5762966
1.9227715,-2.6501622
2.005455,-1.2966901
0.5952559,0.8794874
14.670231,2.9122872
2.9543447,-5.1950006
32.28623,7.787067
0.30059436,1.8550712
1.4922056,-6.6851735
25.86619,2.6980295
23.925024,2.320518
35.217297,14.869606
-0.023340192,1.5165114
1.9896929,-2.14639
1.9285934,2.7270908
1.190026,-0.26668152
26.652786,8.440302
8.043031,-1.4281365
23.142403,6.640989
6.3602324,-6.358455
-3.3454819,4.9326816
0.111397296,2.335967
22.305038,1.9965881
4.735653,-5.3498063
1.3806934,-2.0513859
33.483505,9.131653
4.911716,1.7474948
33.843155,10.122672
0.51193315,-2.0380979
32.454685,4.6988273
4.9172244,-5.855636
23.719109,2.2513747
1.9536409,-0.6837553
1.3944201,-0.2679132
0.8504506,-4.9739933
12.623303,-1.0327984
32.644825,5.91976
12.954205,1.8939577
1.0234735,-1.3334428
30.614624,3.7623212
11.624234,0.66712415
35.70551,12.398607
0.013860497,-2.212582
6.5682945,-6.6882157
4.476941,3.1353812
24.730572,2.445821
4.755157,-5.526196
-2.6676283,5.516264
3.6912491,-6.140841
0.7982238,-6.6020465
25.290253,2.4815621
-0.8482234,0.30390826
-0.3333399,-0.59194314
32.08885,7.185578
1.490906,-5.5600123
30.849663,5.844564
4.8639603,-5.554709
16.12118,3.7363079
15.785058,0.0017467905
0.9898363,3.4712539
1.3965049,0.27933422
2.560166,1.4384326
-1.2554557,6.0906167
13.958663,-0.822837
2.96274,-2.5254025
0.8322006,1.3142722
31.136127,6.650143
-0.21709797,-0.656562
31.989374,6.964999
0.8928092,-4.4986196
33.339016,10.070213
27.710165,3.239653
0.9871374,3.9248815
6.288651,-5.9622397
4.447599,2.1209657
32.25202,9.460698
31.328016,7.6194816
4.724698,-6.964027
3.4861832,0.36478344
2.0418308,-2.9263701
22.91346,2.5504842
26.196758,2.7575347
6.3903832,-3.0256045
23.107695,2.0982006
3.2974548,-5.642673
33.06889,10.988467
1.8133595,1.5359406
36.873516,13.074956
0.66811067,-0.39427432
35.439945,15.816455
1.7696896,-2.995948
19.45214,3.0762682
1.5744014,3.642298
-5.0906773,1.5525621
33.152107,10.464268
0.6035395,-5.7164826
30.300262,9.924976
4.748976,1.1279432
5.7316184,-5.4363327
2.4309335,-0.41441855
13.495892,1.8341658
1.7240868,-0.098948345
32.99657,11.159355
-0.17085883,6.3694453
0.99819285,-4.8887167
18.611055,0.36081722
37.929295,17.026808
2.0789776,-2.7051234
36.088116,17.868008
-0.60770506,4.247903
1.2670805,-5.9043374
0.1353741,6.3456264
0.91513807,-4.445321
35.191296,13.477579
12.145465,-0.5334128
1.5707369,3.0271025
37.194324,17.68904
10.373628,-0.7204057
1.4978175,-4.7586083
23.319431,6.667809
6.763831,-0.72581375
25.453371,2.5830202
-0.098992795,5.8006735
-0.5797569,5.956112
26.155552,2.8361883
37.63487,14.886677
27.022034,4.232054
36.145565,15.199622
20.555712,5.5277147
3.9841304,-4.022574
7.402877,-0.84541786
15.545892,-0.19515024
1.6962497,-5.7186475
17.518675,-0.12138675
27.81402,8.85459
36.31059,16.623753
4.5528865,3.354615
20.41325,2.0191255
25.353945,2.781417
22.312796,2.0230963
34.757263,11.981249
19.175762,0.7700207
37.67568,17.592295
5.958661,-5.2312245
1.2039673,-3.8266408
37.812943,14.973908
37.326454,13.7672825
15.180825,3.3137102
12.954265,0.7355119
25.275272,2.5492196
1.1372018,-4.080009
1.7657788,1.122461
-1.5489659,0.083300605
-0.62938565,6.6197853
24.452492,2.7050478
5.3339877,-5.7173686
14.554632,2.8891554
1.484968,-6.4140763
0.7129448,-6.1475973
30.167686,3.7384694
-1.4977655,-0.95779586
0.7959328,3.1033516
-0.7404105,0.3909506
2.7261178,-4.531088
0.86431104,-4.9778295
12.318103,0.43427888
-1.011802,4.1614413
-0.2815301,0.9392469
3.5571702,-5.124008
20.077503,0.87854224
-1.4800894,-1.2005177
0.98918015,6.2409782
2.815954,-2.3960876
37.892387,14.94664
1.2940481,4.8042574
35.82699,16.29061
0.5015312,1.3044564
0.9374872,-4.8123913
1.0254455,4.465248
30.88481,9.323416
2.1224654,-5.142596
12.421271,-0.5963615
33.084038,11.519459
32.92468,9.016529
0.53182656,-5.6838737
4.0441394,-1.9562262
4.802468,-4.5003924
-0.7314305,-0.23741613
22.952635,6.5111747
0.9986015,-4.3037744
5.3497233,-1.4156605
1.8846228,1.5405061
32.897808,10.310267
3.5155005,-6.0102115
1.6684337,-5.458017
2.0423045,-2.2358587
6.9235253,-2.511469
-2.4948301,-0.11757089
6.2124057,-5.11974
-0.60731095,5.8022532
11.539569,-0.6262106
31.371416,7.2823396
25.70503,2.69538
37.74798,17.314596
25.409771,2.6068764
23.506176,2.164105
17.910343,0.7129967
13.483293,0.08448638
0.7200461,-1.1558567
-1.3235879,0.35372797
2.0092275,-1.0309931
-1.1172166,-0.38671693
30.384604,3.7983193
15.7249565,3.5502892
2.059311,-2.9619792
4.4707036,-6.3247457
-1.6063852,-1.0063931
35.137012,12.105181
-0.46307895,-1.8497154
0.24365285,0.5637449
37.59309,17.229616
-0.37926766,6.354393
0.93963534,2.5218935
15.493398,-0.43817315
15.190033,-0.8568171
15.204446,-0.46375474
3.4908123,3.9993596
29.465563,7.2761216
13.461453,-0.105829105
-0.89365286,6.4325604
11.298698,-0.5321237
13.3086605,-0.19722186
35.958195,17.489004
13.939065,-0.15808164
-1.9923377,-0.9123135
37.79137,15.988991
31.395514,4.2270885
3.637267,-5.284892
0.5249873,3.6777358
8.021291,0.12163891
16.14142,3.7490366
36.147583,17.884445
34.36688,11.271529
27.7877,3.083458
37.369713,13.819132
23.632357,6.85267
16.736734,4.0415072
33.312527,8.865698
22.4156,6.2583413
0.95919186,3.7658997
2.3162081,-6.012837
0.22642043,0.78668714
-1.1449344,0.09808959
1.8703365,-3.239892
2.3290143,1.2333649
3.1124086,-6.0941
37.82075,16.062883
0.81125003,1.9295315
1.9511836,-6.1060905
0.9793015,-2.0395844
0.1702359,-2.3002007
1.7601147,1.3162097
3.0834322,-2.7417269
27.344185,8.673198
-3.3859942,4.8445983
6.3652935,0.33790877
11.993535,-0.7031716
13.002175,-1.2752463
7.9582834,-0.75242174
1.305558,1.816469
-1.568963,0.041542903
-1.1435657,5.9355025
1.01773,-5.047889
2.739615,-6.772466
12.093161,-0.7359055
3.262857,-5.864274
11.788534,-0.6522597
31.748547,10.541856
3.8656757,-5.482033
-0.45030186,2.8906705
24.192493,2.359643
-3.5628955,3.7991452
3.406492,0.13804044
37.978287,16.35348
6.7269197,-0.6104919
19.846998,1.266612
23.174807,2.1479347
0.6691299,3.6441977
2.8726783,-5.9980526
12.9479065,0.41860953
1.0426073,-0.63374627
21.725788,3.0370753
-0.4458606,-0.6747073
37.546253,14.118433
33.878082,9.940799
24.523684,2.7173827
1.7128518,-3.0252771
1.3607306,4.1321926
29.957256,3.66269
20.949495,5.7421527
4.5799184,-7.1044126
2.5569534,3.069553
25.574444,7.795439
4.6198072,-6.9840856
30.442537,3.8229685
2.162627,2.1854658
27.880404,3.2390802
31.35671,5.7708077
16.31069,-0.74390817
29.075132,7.361442
32.242466,5.8457427
0.9873634,0.45501366
13.404413,0.15528001
-0.23827931,-0.035002813
1.9326956,-0.95628035
0.90213424,-4.52113
11.881251,-0.8529521
-1.3826818,2.8731518
12.382309,0.93025553
4.242052,-5.305691
5.51842,-6.7901683
-0.064866036,-0.12002121
14.2561035,-0.15633379
29.565828,4.014436
32.2585,8.91497
33.121075,6.109937
30.746412,3.9089432
30.539703,4.024487
4.580192,0.8587364
35.834488,17.494713
27.453033,8.726992
5.5260077,-5.70802
1.8923509,-3.040523
27.374079,8.690891
1.7494252,-0.11219965
36.21628,16.222816
35.01177,13.882762
35.447636,12.1935835
6.241872,-5.6615033
4.97266,-5.2283397
2.3068423,-4.1845617
2.1189287,-1.2169853
1.1308136,-4.4658003
3.5277708,-0.5464624
37.9803,16.257818
0.305285,5.994556
11.702193,-0.81624734
13.293249,-1.1864382
11.724189,-0.81013143
3.0880094,3.6898837
37.506306,14.063136
1.8239675,-5.046049
35.478996,14.285167
13.895814,1.1196264
-0.5404143,5.076729
20.567204,1.3430989
13.831632,2.3629882
-0.4779372,-0.85299623
30.28435,5.4679236
35.650814,14.073331
26.742743,8.472526
2.0173683,1.5452701
32.439037,7.734919
2.4208293,-6.551011
6.572392,-5.881784
32.999428,5.242538
9.458169,-1.0629433
12.780406,-1.1295062
-0.19838187,-2.1242478
1.1956477,0.04247202
7.0631413,-2.7740183
7.162044,-2.088192
20.96424,1.5288845
1.3665435,-1.5971645
6.0627127,-3.8426137
3.3632708,-2.5447457
36.9859,18.354685
0.92022735,-5.5470357
6.065988,-2.620638
1.7741635,-0.12472497
36.218674,13.593371
7.3497405,-2.1557784
8.6537695,-0.11145292
2.1711454,-5.802184
4.693528,-6.9316144
5.047632,-4.0130944
3.2695951,-3.464167
2.8876138,-3.7822456
18.268965,4.713938
1.777375,-5.1704617
16.840233,-0.5020827
15.464869,3.1835842
1.5736656,-0.3683053
1.983433,-5.457453
34.876904,11.10589
1.9252338,3.9510946
5.0886006,-5.890582
28.122093,3.1745071
3.255894,-1.21777
3.0878723,1.5886642
2.2242362,4.2831283
28.520693,3.3125334
0.34681156,-0.4245976
-1.188226,6.567857
-0.14163014,0.41510263
6.6898937,-3.6772823
1.7684102,-6.496501
30.386513,8.637693
6.265167,-6.3173413
4.372627,0.16299476
1.5021214,-5.547277
36.568775,15.288301
0.24651054,2.914591
36.25777,14.356495
-0.5963337,5.0041375
26.119354,8.144699
6.265264,-6.5433693
22.57514,1.9285809
15.402606,3.4327612
36.014,16.094946
1.894274,-0.5927352
15.641807,0.60504067
12.461739,1.1337734
6.5126467,-0.85690796
-0.71277565,-1.1607816
23.249659,6.714106
1.3989265,-6.425733
0.89253336,6.2795777
5.0040336,-7.049172
2.0022366,3.7452683
4.427056,-3.75253
6.048829,-6.7602825
5.0679107,0.16424812
1.5661354,4.160927
13.993262,-1.2765125
28.389633,3.2922375
1.1295838,5.6007643
4.009265,-7.0343122
-0.05972668,-2.1656685
16.851439,-0.35585532
2.4965649,-6.909633
30.571325,4.328672
28.84286,9.310167
23.07494,6.0320125
25.182983,5.270716
-0.72891086,1.4996028
20.452278,1.2684119
34.640987,12.761206
22.392683,2.379644
-1.8692567,-0.96259254
0.8123875,-4.896107
1.5247936,2.612907
22.288877,6.2220235
3.0688474,3.8907764
31.473309,4.288853
2.304948,-1.3243638
30.527538,3.7666245
19.062555,4.9590354
29.125837,3.374296
19.383085,1.0699404
37.853943,17.305183
30.895353,3.8985033
-3.3610127,5.2327094
-0.47825477,6.737903
17.391785,0.26752606
30.98397,9.702839
30.794407,3.915731
31.441742,4.13818
8.000834,-0.97908103
-0.8761868,6.2455473
14.08684,-1.1263443
31.591331,9.28847
33.462578,10.399597
2.0123434,-1.9045295
12.127488,0.48021975
-0.70216674,6.7728763
26.129457,3.0277848
-2.0505543,4.7119646
14.8105545,-0.60752976
9.974577,0.47289458
-3.2838814,4.7929
31.33266,8.384108
29.787127,3.5506518
27.779507,3.0968494
22.494184,2.0332878
28.97379,9.377339
1.7741809,-0.611019
-0.04588982,5.05665
30.998388,3.9491115
-0.44034287,6.3552823
4.363828,-7.0208845
17.553925,4.4349976
37.733616,17.171795
6.159802,-5.9157066
18.981808,4.919882
34.79558,10.85432
4.836739,-5.26528
-0.3138568,6.614392
3.2511988,3.316028
18.314531,4.691949
0.112642795,-2.241271
2.2998633,-1.2007765
1.3393946,3.4280634
-1.1561158,-1.3421173
36.782413,13.203365
34.09883,11.728678
27.414724,8.704226
3.4710588,1.2481385
32.047882,8.122648
37.845425,15.035698
37.623787,14.259052
21.049807,5.7675395
1.0092504,1.8938522
31.467457,10.058203
25.870876,2.7457526
2.5146935,-2.0385637
36.467667,17.451073
2.3796644,-6.730908
1.1283262,-4.6411176
15.455097,-0.9028655
3.0200438,-2.2489839
24.397709,4.644444
-3.0620012,5.4314632
19.272287,0.6775939
-0.422842,-0.5785624
5.926551,-5.5368524
1.1117198,-4.3282657
22.956377,6.540769
18.650057,1.6215173
2.6645823,-0.5724534
34.18704,11.375801
24.800682,7.4511943
1.7223115,-5.809467
29.458706,9.574442
11.616367,0.6653644
-1.0982394,-1.2105399
3.9046862,-6.3832316
2.5045452,-3.9428153
11.749378,0.68588126
37.355827,13.822611
-1.5056517,1.7674732
4.753569,-4.322491
18.08571,4.538534
2.1610823,-6.1989493
1.8422124,-0.81312287
0.09348181,-0.52504766
1.5800653,-0.049638614
4.352715,-4.6180043
32.3407,5.214915
1.9123921,-0.17093717
1.742557,-5.415891
2.611438,-0.12598144
33.057316,8.213935
1.0722585,5.5445576
36.92135,18.300514
-0.83912367,-1.2801338
1.5686877,-0.8617853
24.401731,2.6689029
2.7437217,-4.305485
1.7591665,-4.9532204
2.507617,-4.939776
37.059124,18.339819
3.3211722,-6.0878506
-1.1519427,6.3336105
31.244846,7.960215
33.053627,7.863791
27.738707,3.041367
34.478783,11.870524
-5.5695853,1.554114
23.096132,6.650547
11.844962,-0.7091557
29.971207,7.07532
3.6495574,-5.2598953
-1.466898,-1.1794744
0.9410158,-5.9119563
7.1261697,-2.5065742
23.719671,6.869268
0.109764606,6.069461
0.5251096,1.2077202
38.016834,15.300238
1.9195311,-0.022117956
-0.64012545,-0.124332294
27.748354,3.1765778
-1.0450711,1.599789
30.175844,3.8629026
19.638842,0.80389965
25.212898,3.4128606
3.801587,2.5243797
4.8780394,-5.71131
12.473424,-0.5852319
2.0740674,-0.9948133
19.72124,0.9068178
13.2797985,1.1228553
21.006207,1.570842
1.8772941,-5.585596
26.9361,3.0271695
-0.9389042,-0.19305311
34.10032,10.390125
26.442648,2.8598535
1.5863733,1.8822316
7.4709272,-0.8596841
23.891432,2.2431378
3.3990183,-5.0902977
1.7723153,1.6301488
32.236576,8.066177
24.821802,7.4752197
0.71889645,-5.907533
19.111172,1.3015429
32.163498,10.778503
4.020187,1.3722113
-0.077827424,-0.3335062
36.561176,18.365381
1.5200517,-3.7203927
33.276573,9.312789
1.5928609,1.9873474
10.358415,-0.83695185
32.003006,8.359974
6.6235046,-3.7047997
1.6075411,1.306905
15.81027,3.618434
33.812305,9.981092
24.261826,2.4346185
1.7749231,-6.416635
-3.6135864,2.958835
37.385513,18.061285
25.069014,2.566432
18.398499,1.4327587
32.669315,7.072045
4.3177485,-6.2454453
18.13415,1.2185577
34.850212,11.102279
26.706175,8.445151
6.179128,-0.17483746
-0.7554793,-0.03288518
25.201542,2.520126
1.9453351,4.181928
14.748226,2.9470668
1.9554207,-6.7589135
0.6389442,-0.62053096
4.6211877,-5.571515
10.528342,-0.34948787
-3.0681233,5.5816455
-1.229975,0.26379207
-1.8897622,-0.78601253
1.7319202,0.78186667
12.205364,-0.38065585
24.247677,2.4832592
1.1845639,-1.9720585
-0.3564777,-1.0191944
12.680668,-0.7462436
16.47369,3.9274564
33.724613,11.634201
18.14586,0.071297064
1.1879966,-5.3411455
12.314691,-0.6295024
2.086594,0.3982071
2.8259099,-4.6421504
6.123797,-6.4200287
13.745047,-1.2036282
29.263456,9.502064
3.6724696,-6.6333776
35.71336,12.390369
9.071958,-0.52670705
1.963896,0.49057308
2.3114042,0.27946177
37.63976,15.725763
4.9381223,-6.5991774
14.762797,-0.4645172
30.73513,4.7857122
6.3666034,-6.3235307
10.517924,-0.7796775
26.35611,8.279694
-2.0134423,-0.30615184
25.712711,7.8324203
13.018384,-0.609218
26.685883,2.9226897
2.6158526,-6.4851503
36.607895,18.212002
-3.1756818,5.281478
30.545008,6.7925715
1.3697689,-3.7216177
17.706537,1.0700165
6.009658,-6.7855563
6.52393,-6.2342563
15.435568,3.2530313
6.253102,-6.1247764
30.937513,3.9519193
21.638752,5.985665
13.418849,-1.3470894
12.979404,-1.2720462
13.2260275,-1.3130358
15.238385,-1.028401
0.2643154,-1.5281593
26.355225,2.7932575
30.924852,4.0886235
27.91786,8.902871
0.86492497,0.96499646
14.088414,0.697662
37.599224,17.758726
33.512455,9.359698
-1.6366138,5.8202243
-2.407424,4.573423
5.343583,-3.9373116
1.3752882,-4.3381977
6.3579373,-6.9629292
0.9390245,3.4763663
0.9566398,2.2400403
12.776964,-1.2387401
-3.1678424,5.4002485
17.757582,-0.087318525
32.73021,6.329317
33.007008,11.174685
-0.9393615,-0.17495213
26.887638,8.505796
14.142625,1.6671437
18.447992,0.21759547
24.746325,2.3593805
25.148968,7.597592
1.4770241,-3.3682046
34.211277,10.583802
0.94398624,-4.7733393
3.7888,1.1545576
17.27221,0.14918329
36.326473,14.740078
-2.0194387,-0.334565
3.2859066,-1.4524912
27.316875,8.681353
-1.4874511,1.7439649
-0.4149985,6.502169
8.739829,-0.8303355
13.566655,1.4112512
11.967715,-1.0998331
11.971697,-1.1065639
-1.1963882,0.9882262
27.481699,3.0675516
2.8470602,-3.2321992
2.217084,-0.825107
5.05646,-5.778281
37.346043,17.307493
1.604269,-3.7586641
0.9226957,2.5817127
26.093166,2.758878
0.70059925,-5.0053554
12.578427,-1.2150744
22.31519,6.2484107
14.371581,1.9303924
-1.565953,-0.9710231
12.64713,0.8404504
35.2598,12.2194805
5.210205,0.4378344
0.78627235,-5.3525634
28.998638,3.4251838
-4.295669,1.6496743
3.9431229,0.4021336
33.55817,9.393663
30.088654,3.900636
29.08881,3.406891
3.404367,-3.7902188
1.4291818,-1.4709586
29.41436,3.5498896
0.44456676,-2.1983516
1.5901852,-4.7995243
0.48047712,0.34876195
23.178532,2.1573098
1.6515567,-0.3345755
31.186012,10.277131
-0.5934679,-0.10274182
-0.3151197,0.1909131
-0.66376895,1.0162617
32.965397,5.774759
32.74772,5.570473
1.617929,-5.0646157
-1.496109,-0.09742926
29.910261,6.197452
37.8255,16.4785
30.834362,9.098785
7.514063,-1.1023012
1.2583807,-4.1626887
15.939263,-0.47932395
21.596554,1.798351
5.3063245,-5.101878
28.91083,3.3129015
-2.881108,5.734265
17.697212,0.21141471
2.162493,1.0629177
12.512589,-0.96560514
12.902526,-1.0902232
29.726715,3.5611281
12.468834,-0.9121336
19.11935,4.9947653
28.70908,4.6752534
32.674255,5.890471
22.598345,1.9810249
3.9490943,2.035405
32.008934,6.848191
15.269278,3.215674
1.9808543,-2.5538392
11.691272,-0.5942091
0.23745874,1.3493767
0.5228892,-6.0263915
11.009396,-0.51750815
10.128265,-0.112284765
32.49376,6.7806697
6.2110987,-5.5292015
5.647309,-6.1475153
11.642079,-0.63551104
33.771976,11.549295
1.3652027,-4.8294945
-5.848577,1.600648
1.8835928,1.8237753
13.591609,2.3772912
30.874569,3.9259775
16.30232,0.60401464
28.526127,3.256326
4.6984396,1.6454943
27.183441,3.079469
32.01022,8.756968
14.889599,-0.8731519
2.9369512,-2.6277437
33.926563,10.166755
-1.6197724,-0.20099328
1.9931965,-6.356296
2.1775167,-3.5657601
5.241263,-4.146752
0.6219395,-5.264871
37.024822,16.149117
28.851362,3.835918
30.60714,5.833907
21.877615,6.123468
-2.319805,2.8683095
26.026117,2.7841325
32.583076,4.8306823
27.939108,3.1738458
27.674694,3.133769
11.326271,-0.9699627
13.366859,1.5589918
1.7474675,3.5782337
1.1218524,6.0307174
0.8733788,6.121829
3.2158015,-6.8794384
1.9159458,-0.16815077
19.259254,2.319648
2.109102,-5.434045
29.372227,3.5351768
-1.1978376,2.5366273
26.70208,2.899446
9.991087,0.33874527
21.542131,1.7139198
1.1900635,3.3201048
3.3426456,-5.958529
20.810751,5.71162
36.990837,13.3724985
20.333988,5.4557843
2.5383418,-2.5363238
5.0187693,-6.580263
31.860428,4.406776
24.297882,2.4312947
1.2272394,-3.7396922
28.658834,5.3199735
36.450024,16.357681
2.3847702,-4.74883
28.997908,3.4692798
6.687264,-0.7335409
4.628906,0.93535435
29.790407,3.5550137
0.27784327,-1.5515395
5.2523365,-6.47877
-0.21541497,6.257172
2.8697867,0.91472757
12.120252,-0.84011614
30.624605,3.9439695
-1.6898375,-0.7520304
1.236953,-0.52638185
1.8443921,-5.8021955
3.011518,-7.3407025
6.080704,-6.7045712
18.373663,0.12390448
1.0909832,-4.030278
18.409739,4.7244415
5.663304,-6.518422
11.7696705,-0.36650667
28.361979,9.1112585
16.294857,-0.6504531
0.6619199,-5.6640744
32.301937,6.688868
30.60115,4.1005387
2.1821518,-0.40333065
6.232697,-4.946592
35.05222,12.280805
11.34042,-0.69486725
6.4440994,-5.3218346
-0.6557798,6.36148
24.676857,2.4392948
1.0198064,-6.4118247
0.2510889,-1.0537525
34.55076,13.74336
0.95858246,-2.2586834
-1.1214905,-1.6247561
1.0096612,1.7122742
24.758944,7.426704
22.577164,1.9603695
0.61337906,2.581685
1.8853142,-5.2541265
1.7645073,1.549588
6.4253635,-0.44534215
3.4525645,-5.30247
1.5999832,0.015773432
5.1174927,-5.776866
-1.386339,1.4476613
16.564894,-0.21268688
36.11,17.184948
27.9931,3.5960603
36.625523,18.326292
24.10266,2.260337
-2.1972964,4.8431306
14.717925,1.1729199
0.7220982,-2.230481
14.02768,0.8665756
32.089233,4.4586864
31.324396,5.208319
-2.2419803,1.6495491
0.12574723,6.4377756
-1.4754577,5.661942
33.65975,11.496846
14.182879,-0.50421226
28.94018,6.4455247
10.70952,0.579532
33.62821,11.460353
30.290226,7.5844884
1.3498924,3.933253
37.14886,16.38391
2.217727,-6.757497
-0.77844375,-1.9493144
26.826902,8.516657
30.551588,8.785458
22.394066,2.1336038
1.3250806,-0.57280195
35.990406,16.46981
2.9152584,-6.43566
36.37492,12.733491
5.22597,-6.122092
-0.106654614,1.0726874
17.707026,0.021123307
5.752069,-5.1711016
2.5644193,-0.999601
28.747387,5.3508573
-5.118415,1.4811392
2.6418993,-0.7762433
3.6565502,0.9194168
2.0340917,-2.9930408
-0.52794856,6.7791195
37.856396,16.840729
-2.8019772,5.6779475
19.251438,0.70867646
0.4872122,1.4966571
29.538363,9.587625
27.664566,3.168363
1.463659,4.6429877
34.734203,13.192465
32.82154,5.2609324
-0.8888621,6.8790708
2.0231264,-5.562396
33.75631,9.865191
0.8745943,2.6331139
36.890762,14.731642
18.772856,0.4994301
1.8736546,-2.630795
32.952152,6.9172883
35.300514,14.557719
3.6410837,-4.524201
2.3571923,-5.6059346
2.0150955,1.8770468
3.4133184,2.1112099
12.425571,1.0241882
36.670704,12.926427
-0.09429023,0.66716135
29.289158,3.533765
6.6935253,-3.2936077
22.771284,6.4415107
33.054836,5.1956906
36.346607,16.623198
2.1963553,-1.8112773
0.47516587,1.4019167
-1.53652,-0.61882806
2.3578525,-1.6285852
30.045269,3.6328301
2.029461,4.420597
32.173992,8.084034
2.9021,-5.4009805
2.4005787,2.0078597
3.496461,-4.938256
32.150177,7.1242356
20.035925,0.94707274
11.418406,0.12089671
13.19423,-0.923879
1.1173606,1.2371905
1.1071556,-1.6952838
2.8397152,-2.2302632
3.398803,-7.4075027
4.6289105,1.2354757
33.813126,11.588597
29.800812,7.973356
29.482157,3.4964218
26.575575,2.8608265
0.28252843,-0.5860077
34.172382,11.740171
34.435513,11.937459
2.1760194,3.6613588
34.170933,10.237051
24.078459,2.3644528
32.89169,7.036781
20.48332,1.2385991
4.488029,-4.6429763
22.804628,2.0034604
7.176189,-0.25416145
0.114659816,-1.6139624
37.842655,15.890703
36.25623,18.25934
31.444519,10.420094
1.2092419,-2.460392
2.5290372,-5.829205
28.3132,3.1929772
18.948647,4.933599
31.261616,5.875586
17.835392,0.34171477
4.313993,2.0161173
4.061954,-5.201344
-1.2844758,-1.1148131
1.5127001,-3.13134
-0.36001775,2.6488829
3.268635,1.7569884
6.197175,-6.4363027
1.9530828,-3.032711
-0.27167842,-0.7734426
1.9092731,0.7752429
4.118435,-6.5696383
23.351131,2.2855687
2.662298,-7.0674872
2.160225,3.0278597
15.303578,-0.30908307
32.403378,5.3146996
26.532938,2.9095855
13.277084,-1.2798012
13.683498,-1.2916514
13.454623,-1.3145493
5.131791,-4.4637995
-1.155633,1.2410859
-1.1206977,6.0902467
-1.5665283,6.129531
15.460773,-0.75257576
-5.1943974,1.5084997
1.8688207,-1.6935722
3.3631032,-0.18469702
13.761781,-1.2357134
13.26603,-1.2768894
12.609479,0.6369637
24.162766,2.4316063
3.6612477,-4.511662
15.691711,-0.83051336
0.16123989,-0.78947127
12.320878,0.04354848
2.3781333,-1.6851202
27.700727,4.3559804
37.0847,13.38158
17.900507,-0.016783578
0.6737109,2.8722181
8.884919,-0.9866108
30.351574,8.305917
1.1889255,-6.5859876
2.0145285,0.12560453
2.0307307,-6.594262
4.087348,-7.023226
1.0048294,4.752533
3.9957967,-6.318689
6.1634383,-6.882486
4.466055,-6.369888
28.025362,8.960867
11.303661,-0.14860545
20.884945,1.8518571
-1.4737549,1.35886
31.444386,9.020362
2.0516798,0.5176221
27.98501,8.940477
-0.75630754,-0.2689663
2.3142946,-0.28426942
13.543466,-0.77112806
32.15483,10.773155
37.390118,15.546213
16.608728,-0.009312494
37.061558,14.724979
13.251989,0.99870574
-2.9269066,4.782412
36.499077,17.819366
14.875294,-0.1126021
31.847147,9.668278
4.887902,3.0168028
16.383835,-0.5295285
16.984789,0.095936194
4.5892615,1.9371974
32.40401,7.3363647
-1.5055137,2.9027584
1.4109659,1.5044798
30.967089,4.1502223
3.5508602,-3.3199315
15.3738365,-0.19804917
17.020369,0.044667497
1.2299564,-5.688172
16.226624,-0.057315692
0.16830519,-1.5809592
31.742762,4.3250127
-1.9390099,4.1337156
15.961247,-0.05478011
1.8500652,0.23863234
-2.9741247,4.265043
36.00326,16.956144
31.00784,4.313465
34.53642,10.495547
17.090508,4.2194963
0.29366687,6.220088
2.2122147,-6.446287
8.060583,-1.5413812
5.7211423,1.4646422
34.50116,13.663692
13.335543,-0.8448149
35.283512,13.269976
-2.9795442,5.18061
2.0938087,3.4280517
35.88396,16.779558
32.7409,6.1848307
19.59358,1.8565533
28.799852,3.5046759
-0.01625463,-0.87256086
32.000572,4.4723296
33.202915,8.747179
1.6573818,-5.929522
23.336761,2.1392093
36.795994,15.908109
4.626577,-6.4636655
1.0224066,-4.258287
36.293217,17.463913
16.540285,0.61887443
-0.8835649,1.5299771
0.66785365,-2.7542014
-2.835678,5.714325
-1.9607308,1.6965543
-0.1728644,0.6846949
32.56744,8.230307
13.999315,0.053461924
12.787501,0.24628343
12.518729,0.8101772
3.3294597,-5.641826
4.039409,0.5348202
5.334123,1.8211807
2.0335004,-0.43091664
37.536358,16.906048
2.172991,-5.1221957
13.246982,0.91190493
1.408359,-6.733513
12.470866,0.8513845
0.95901734,3.9894764
24.494402,2.6840115
3.079554,-4.382437
-1.4083245,-1.2031614
4.2941422,1.9454821
1.2511349,-0.17893945
20.135563,5.428395
12.725108,1.0365399
16.110706,0.30679896
33.61431,9.530334
34.314796,10.458058
30.82588,3.9897118
2.023646,-5.6234903
-5.8228517,1.5897429
-0.53192705,0.4551188
36.636486,15.656014
0.35189202,-2.3854728
0.39620975,2.282022
30.324287,9.057526
35.98019,13.330023
-1.3741136,0.28301147
32.07536,4.628873
5.378251,-0.3276101
6.470902,-5.750318
2.2376375,-3.9014373
34.215908,11.768364
25.87147,2.9567366
1.4410245,-2.4083772
13.6639595,1.3295914
1.7295113,0.408029
1.2427657,-5.7555156
1.6137736,-0.21351634
1.3444629,-0.1913036
16.614231,3.9583254
35.495705,15.978867
4.0051284,3.2746086
2.7736752,2.9728796
4.0915856,-5.8101654
16.644312,3.9849415
-1.2577109,1.6095542
33.85543,11.467236
-1.1727967,6.1457396
34.547226,11.97948
16.708096,-0.48474702
1.9870095,-4.6397443
6.3468227,-3.6922421
-0.5345134,6.377344
33.561176,10.157911
31.803833,8.263064
5.6190085,-6.0852113
36.768154,13.024497
-0.97196907,5.439686
30.497952,3.8356826
2.903541,-5.0419884
2.2241263,2.1486077
1.6493523,0.22211255
9.648644,-1.1770014
2.8004568,-0.593191
31.37055,6.4153533
25.338879,4.2499337
4.236849,0.81839836
24.047403,2.3577027
1.6978345,-5.478228
18.354567,1.0659033
16.768682,-0.28860375
2.1678638,-2.1932638
3.7479768,3.6876593
12.002124,1.462725
31.918705,6.8483233
11.746809,-0.36955723
24.412296,2.404233
6.0447025,-5.549361
5.6634226,-2.7608547
1.6942847,3.7968814
2.252971,0.95790565
-2.7022843,5.3348236
18.505007,4.7492943
13.434563,2.140613
3.6470728,-6.4351363
6.4812393,-2.2599137
1.1523263,-0.041747674
32.589676,9.01648
24.060453,2.7000127
-3.0160785,5.553395
12.040766,-0.64620554
-1.4304545,6.164432
36.19004,17.644495
-2.3809981,4.065928
1.9704065,1.9326607
29.464724,9.48942
35.27409,15.198537
1.9473283,1.9802386
13.272286,-1.1417412
32.299397,10.81969
0.28511956,5.810046
-0.32000038,6.5286474
10.917453,-0.4506968
13.3305025,-0.6415025
-3.0620039,5.1126657
30.954384,4.0868626
3.5278316,0.5890926
20.285477,1.8225524
1.6689315,-0.046584234
0.024551425,0.108550444
3.2302175,3.928255
14.924694,-0.5599669
13.647819,0.8966838
7.1689067,-0.9212061
5.5902095,1.1719164
-1.2745097,1.3250113
10.35672,0.024901526
8.2291975,-1.0047892
23.810526,2.6830292
23.272884,5.6178985
12.485795,-0.45680985
-0.77520865,-0.8916267
-1.2537141,-0.99741924
-3.1123052,5.2225327
4.363543,2.2422209
4.758009,-7.0381474
14.783745,-0.8136662
-3.3737638,4.924505
0.030274425,5.3383045
25.344566,5.922933
23.489119,2.4185512
8.289547,0.2922764
4.880242,0.9955834
22.225021,2.4464836
1.4252267,-5.4785166
24.781988,2.5077894
6.486332,-6.491657
32.02206,4.5151796
2.993745,-0.78782976
4.0805354,3.8309832
37.591736,14.209685
-4.697967,1.46094
11.848665,-0.648023
32.589996,4.652827
34.097374,10.438383
16.05852,-0.037463054
32.665306,9.679773
1.1351585,3.8396275
2.2611053,-6.011217
26.218847,8.206775
0.846901,4.1374197
28.065168,3.5442727
5.0317054,-5.0958443
35.255005,12.228101
15.569208,0.010092156
4.472387,-6.587948
37.91595,17.065844
32.238056,8.238958
28.13003,3.3162587
-1.4489899,6.425961
24.415016,2.4111524
-1.9248936,-0.064256534
15.117554,-0.8795935
33.650818,11.5042305
3.9884512,-6.656863
3.2956185,1.1571568
14.04572,-0.39372048
18.061062,0.32515326
2.4502091,-3.9948192
14.022515,-1.1894494
14.057989,-1.2282587
14.05537,-1.2186416
-1.508349,-1.0977589
14.220034,-1.1314896
0.77060586,-2.1182752
12.633185,0.15493597
3.6319108,-6.9124703
33.10581,8.947043
36.18781,12.589497
16.515255,1.9629864
15.192966,-1.01981
0.33223823,6.2868857
1.3664081,5.4830656
36.23487,18.108686
-0.51570123,-1.9675837
14.201921,-1.1472987
3.581172,-5.1893473
15.99603,-0.40215358
10.16713,-0.78979313
11.158645,-0.29561767
31.875063,5.562944
0.87411577,-1.445978
16.340622,3.8416722
21.870613,6.0931215
0.49812034,4.7795825
32.4156,10.165752
1.3331349,1.0570613
6.387856,-6.4057097
32.83668,5.389028
-3.2991817,5.090348
4.514525,-6.0792947
37.679535,17.807016
5.77226,-5.140037
6.9780817,-2.6972637
37.71425,17.545994
33.20723,11.277895
29.08583,9.429709
3.9665344,-7.249641
1.6413093,-4.790185
26.275764,2.8569918
1.778492,-4.8493786
37.796535,14.632742
25.424322,7.684898
36.106018,13.804082
25.331343,2.5315115
28.789572,3.2902284
6.3869953,-5.9986105
25.967255,8.0569935
3.929569,-7.3124547
5.085541,-4.839885
1.6950066,3.3333142
-0.43939993,1.0259604
2.9090686,-0.87046516
-4.017491,1.1579612
1.8201265,-1.3300618
35.147793,12.890407
12.373525,-0.663458
12.267849,-0.6451107
0.30059126,0.034690753
25.536425,3.3528225
16.391659,1.1068825
27.256876,8.661068
-0.9852609,6.640038
2.170246,-1.3000876
34.59221,13.435745
1.3111453,-3.8450952
-0.028148618,3.0021734
1.5431471,0.37722555
32.639023,7.650338
21.761913,6.032223
28.554205,3.3849096
37.38139,15.671406
2.7856233,-6.9690127
7.80057,-0.8591205
28.348791,9.110917
-4.844552,1.4362975
36.84745,18.126146
32.532825,7.725085
16.809397,4.0657296
34.120853,11.942396
32.811356,7.2803297
34.3609,11.928093
24.872747,7.445996
3.2540934,-6.8357043
17.30302,1.1771618
37.827534,15.735356
27.109339,3.0024822
23.944815,7.0074735
2.093334,2.617865
0.2513986,1.5503144
26.546528,8.386626
-0.28004715,-2.0996182
35.922417,15.229856
1.6916265,-3.4430988
35.013958,14.183432
2.3739963,-6.1651444
5.8602033,-3.585679
-0.23469922,6.609086
18.875597,4.8987393
12.353321,-0.10287176
12.815963,0.3466312
30.788794,3.9251084
4.664101,-5.617856
-1.5704148,6.3453555
12.900489,-1.0941967
22.70354,6.414436
20.318354,5.4755397
13.741518,-0.49315104
17.005009,4.1693597
-0.11776349,5.2552156
0.048532996,-2.2882998
-0.11107013,-1.8976138
2.7922087,-3.2397327
-1.8924668,4.9696984
20.10482,1.1513655
1.4980457,-3.740581
22.039978,5.685879
1.0539892,-4.256031
6.9040127,-0.044515952
5.661293,-4.8838058
36.72556,15.997469
2.9232306,0.68817365
2.1411755,2.2692165
2.9168248,1.5414196
21.262877,5.8318686
32.62679,6.607038
3.9569278,1.2273833
6.492781,-6.500676
2.5132537,1.306821
24.621286,2.3030772
34.468506,10.57939
3.326845,1.1542345
1.6899354,2.3778257
31.237005,4.454325
29.360527,3.5060725
3.0370076,3.844358
14.2090435,-1.054058
20.504782,5.444298
23.28129,2.16897
1.8973861,1.166793
25.104595,2.4826396
37.686035,15.878841
37.7877,16.524666
27.00774,8.567762
33.49621,10.00825
-0.46025798,3.2227876
29.292324,3.4067154
37.13848,13.47934
34.737446,10.696773
22.557703,6.3602843
2.3398204,-1.627407
3.663445,-3.926516
34.64978,12.248976
1.9594243,0.058636323
2.3250647,-0.3424774
10.138819,-0.6049067
33.889095,11.74443
33.914867,10.099829
29.197521,3.4628687
35.14777,11.303647
13.576847,0.21162595
37.071163,18.067663
4.201312,2.0779004
22.790606,6.4673724
1.6782889,5.0804353
15.226819,-0.65862787
23.638317,2.2565694
-1.6701732,-0.056115493
12.060845,0.2078351
9.284503,-0.853304
-1.2648873,1.4269528
0.024346862,6.209013
5.35929,0.5914346
3.634644,0.7262367
13.620184,1.3276569
1.3927963,1.3608257
35.079105,12.15342
12.30493,0.76503766
1.2380607,-4.7527504
-0.27132794,6.7043
-2.134859,0.47863677
26.68378,2.968214
29.001545,3.4165692
16.725504,-0.5513034
32.676548,5.393519
1.3302181,1.2398945
-0.08622357,1.3018131
26.65586,2.9599907
-0.35264584,6.4798098
-0.02634522,6.477331
16.3463,-0.81717896
2.4085765,2.3879857
32.03878,7.5298142
31.072731,5.825607
9.971169,-1.031469
27.853764,8.8855915
5.026898,-5.538908
34.645176,11.304399
1.6842537,-3.2902107
34.908173,10.985357
0.011144194,6.3243656
0.60864264,0.108782426
13.379838,2.1786118
30.113968,3.7087648
-1.9591243,0.85071015
36.398705,15.178254
19.803432,0.8029877
29.647514,3.903648
32.965282,8.045848
4.8575945,0.31239048
31.886316,10.384861
0.30454782,2.4367018
1.7098291,-4.873243
-1.3441713,1.4090283
0.40958837,1.5736849
2.7613363,-6.1602325
2.1142917,-1.8966702
1.4144402,0.95950043
33.478657,9.173771
31.051239,4.0625677
34.049717,11.324886
4.1472163,1.0703193
17.067497,0.0100577045
18.618402,4.7995963
-1.0282714,-1.4059517
31.821135,4.416693
32.840637,5.74468
20.213522,1.4170456
-0.2622356,6.3132753
22.474825,1.97672
-2.5703874,5.842976
-0.8739793,6.1866474
27.725243,8.827045
4.5293326,-7.318959
27.25922,3.02427
32.896564,11.233245
11.808792,-1.0281736
27.692032,3.1348717
5.5098557,-1.7278465
32.291977,4.5010834
0.1657696,1.9703828
0.69888026,3.4236305
37.678043,17.232426
4.5759034,-4.6167603
-0.68102115,-0.61219704
35.820545,17.4148
0.8403316,-4.5934877
5.9221954,-3.016684
37.259335,13.6539955
0.4332569,-2.6625125
2.599782,-7.1622357
20.186762,1.0907143
25.684391,2.7414792
10.75176,-0.29178104
13.480027,-0.26656017
0.20310739,2.576569
37.031445,13.357716
4.6365485,-7.357844
2.0789106,2.52675
4.1061797,2.1075463
4.6044655,-1.8334397
1.5821342,4.24479
2.6000867,1.9051634
33.776237,10.465216
1.0418792,3.9824097
14.842487,-0.7388512
2.2889574,3.1811032
2.578446,-1.745037
24.528103,2.492016
4.297835,2.2653356
14.466951,0.93167317
10.5948305,-0.3345004
-2.3404927,5.0141287
-3.2196188,0.90498626
35.700047,15.708855
-0.661745,6.314848
2.9378939,1.1055001
1.2791977,1.6076803
11.6622505,-0.99971926
4.011822,-2.166795
6.650703,-0.021072967
1.7574053,4.169915
31.069323,10.26104
24.9079,7.506992
12.676476,-1.2365862
-2.6623,2.9082644
15.108555,-0.724357
16.69311,-0.34157106
10.652594,0.3368272
-3.3777258,5.2631116
1.5552492,3.6994185
7.63316,-0.7245525
23.590723,6.9092493
17.299923,-0.041153416
1.4639082,2.711769
10.766042,0.30180183
33.17399,8.334089
11.843645,-0.9319552
1.6510143,-5.0551295
10.503712,-0.30355105
11.659741,-0.07070695
0.41027358,5.753755
17.152206,-0.33646688
16.300756,-0.4912475
16.278015,-0.50458944
10.796552,-0.07903777
1.0839148,2.4498508
23.967052,2.2079666
10.563809,0.11222066
0.12037805,2.805724
2.8629498,-1.7833337
2.964069,-2.2835977
14.599447,-0.6673938
1.2228019,2.0703464
-1.3605013,5.476443
16.714579,-0.31322917
33.053505,7.949359
26.986437,8.553032
22.208061,6.173548
3.005523,2.2225714
-0.19635388,6.1865172
7.283166,-0.6123332
3.6978452,2.9629343
2.6755054,3.270537
17.13008,-0.13056515
18.995192,0.7817138
14.8773365,-0.6740192
33.805485,9.853281
0.53408843,-0.2612382
-0.6075968,1.2933486
24.680033,2.6509166
1.3875456,2.2786932
1.372488,-3.6054697
34.183746,10.340084
-0.94183034,0.21146311
-0.88047594,6.2346587
18.8712,4.8995395
4.374596,-0.4130915
3.848121,-6.811027
4.6762595,-0.5835854
5.983549,-5.0452113
3.646866,-6.453472
24.596273,2.533877
-0.61421365,-1.3997784
0.50382954,2.9196546
2.8368077,0.934832
19.860016,0.9991112
20.476706,1.2968862
20.860056,1.4836637
20.9538,1.5142199
27.220257,3.3025737
20.654037,1.4703375
3.1868415,-5.360631
-1.9787695,6.161648
19.88435,1.1987466
1.8136458,-4.0266905
0.24774364,-2.0865312
-1.3485625,4.938241
5.5079174,-6.7960906
11.595438,0.34820953
29.654541,3.8319998
2.4593134,4.0864577
1.8454828,-2.6202974
-5.819966,1.6174928
19.146742,0.57415605
31.801401,4.3853507
23.288815,2.5447683
-0.63655156,4.046845
-0.83653396,-1.0160334
25.330357,2.4855402
2.3974166,3.1736166
35.690857,12.087265
2.265994,-2.275301
-2.5348575,4.6951737
-4.3579473,1.2345023
25.737797,3.054024
2.1894386,-2.6398556
6.3360558,-2.4010074
37.576706,14.176592
15.597365,-0.58075964
1.105855,4.24162
37.758034,14.634901
2.1140506,-1.9188052
33.697884,11.909816
17.254358,-0.2185316
32.820015,6.398051
13.983551,-0.43531427
6.0153575,-4.327409
-4.375721,1.2352588
-0.79211015,-1.3228425
1.4002259,-5.7513833
18.163382,0.15867783
6.250656,-6.5727296
-0.5495295,6.5467334
6.822494,-1.51574
1.624466,2.5473068
2.6717713,1.400618
2.7052624,2.4316688
37.60136,17.830307
17.016623,-0.36014363
-5.801109,1.581296
34.540062,10.703596
35.534542,15.769194
-0.75288767,2.6933372
18.330214,0.28212395
-5.0157924,1.4630557
9.869328,-0.74145806
27.588556,3.1590557
13.429768,0.7350036
25.294567,3.0246968
-1.2147741,-0.1422597
1.4885392,2.8384953
34.49128,10.595861
33.248596,5.2287564
-0.52006716,6.553006
16.625032,-0.4926817
16.5192,-0.33318576
29.331528,3.9810238
16.694973,-0.28472218
3.186881,-6.1892676
31.58418,4.286529
24.22179,2.3361032
5.5783195,0.45805517
15.33312,-1.0439296
16.795073,-0.44819078
0.06368926,6.4058194
-1.4505234,0.31247333
1.7978611,0.9892415
-2.8820076,4.3245544
0.28919175,2.87786
10.730087,-0.36980757
37.870174,16.37959
30.153538,3.7450905
35.357353,14.566942
4.49663,1.8112439
32.160957,10.780142
2.697947,2.2513542
4.063908,2.637927
16.295233,3.840336
-0.4225349,6.5822406
0.9524966,1.0060669
21.28425,1.6857623
2.1232903,-3.0562644
1.4572923,-1.9149998
18.961721,4.932798
12.269425,0.8836051
1.2915747,-1.0437788
12.287429,1.6278111
0.40501025,0.8579742
2.7447033,2.108815
30.620106,8.937653
36.49975,17.145178
0.8336397,-4.279436
1.2361052,-4.256822
5.047959,2.0606177
35.81282,15.879057
4.741546,-4.584558
23.515324,3.451425
-3.0594287,5.521745
-1.397896,-1.1268862
-0.13004443,0.952752
-0.25580928,-0.683334
22.17202,6.2339425
11.396487,-0.20097266
1.4975812,2.9885955
32.354504,6.8459153
1.7621856,-0.7436887
37.87756,16.691954
-1.027709,0.12725128
27.293135,4.614068
-0.5934059,5.383053
37.884644,15.8739395
1.7509272,-5.10819
19.213799,5.02972
12.165248,-0.30866322
2.4961066,0.90701354
-0.25729915,-2.0569842
37.27632,13.683981
11.927325,0.40931025
35.96865,14.518698
37.96387,15.106791
-5.8133283,1.5736946
0.65863377,-0.6792327
2.2702515,0.76218903
23.947248,2.3194304
7.280819,-0.17184483
7.6368604,-0.8589357
16.014986,0.015950339
3.1731963,-5.7733345
6.5387616,-4.1136947
0.87702686,-0.96195424
30.055195,3.6339335
26.811039,8.500716
35.605145,16.624743
24.226215,2.358076
28.320127,3.1641164
-1.2974916,-0.4186071
-1.4777555,2.497311
4.6626706,-0.6982416
25.41996,7.768785
2.4394984,2.5808992
19.046238,0.50112313
14.668294,-0.5302402
4.3679976,-0.14683591
4.214788,-0.11533128
25.205662,3.3198688
3.376926,1.2511634
-1.5480163,0.5188899
-1.4156141,1.2822206
32.153297,4.5464435
10.205285,0.24967612
1.6047115,2.7270951
1.0413556,6.344663
11.444089,-0.3222073
37.17826,17.19911
-1.6068919,3.4609404
20.295616,1.0472443
6.362871,-0.98723423
3.4335494,-0.8992394
30.703901,10.0860615
-2.2039382,2.3625443
33.107365,5.318918
35.166824,12.205119
13.02725,1.78539
1.3275411,5.5579247
1.807998,2.226499
32.47314,5.6978607
12.03765,0.7170588
8.162699,0.21662988
-4.2706046,1.2603925
21.742495,1.7801806
26.348894,2.8704362
0.12182096,3.364983
16.663397,-0.5162091
4.3235555,3.6723464
10.647382,0.19679917
-0.98349017,6.3685875
1.0407746,3.732079
25.187271,2.512755
2.159269,-5.4052706
31.883728,6.995631
0.60197526,-0.018243654
31.769072,10.585594
14.227431,-1.0507635
0.73082453,5.8704376
32.757084,7.77757
32.4094,7.0896235
-0.80053204,6.6010675
16.295326,-0.39417395
-0.404299,6.2040906
-1.594784,1.1905698
5.1122828,-0.5291041
0.7882362,5.665426
32.63128,5.9236917
5.3131757,-0.15643035
0.49591115,4.9071794
-3.275258,5.1581306
5.0469556,-5.7129636
6.4925046,-6.4159474
-1.6743209,1.8168488
5.9328256,-0.31327233
20.928398,1.3373222
10.052764,-0.88678753
21.373945,1.683081
13.65444,-0.88792336
-1.3190455,0.4835432
2.2771268,1.3095162
3.3957167,-5.589135
-2.3687253,5.1398873
22.113382,2.1943135
31.56854,4.1946387
31.965221,5.2716436
8.959921,-1.1420292
2.0803344,-5.2983885
1.1308231,-0.5272876
9.413553,-1.044099
35.882687,12.040634
0.40063766,3.8708003
3.0400345,-2.1374989
11.787716,-0.024477584
-5.0928583,1.4789706
5.497501,-3.6127005
35.727924,12.265421
32.057697,7.963018
0.8272086,4.132213
2.432574,1.7083691
10.02015,-0.5939406
2.4849136,-3.7214823
1.8375831,-0.058435544
29.428635,5.4880366
35.88519,15.389405
13.359813,-0.4155756
25.833782,2.7028825
25.321745,2.6004875
12.905342,-0.04714285
4.6725287,3.3223004
28.633574,3.37819
-1.100826,6.0695453
-3.3919144,4.9424872
30.477453,9.994165
-0.13495252,3.6969805
14.095541,-0.35917935
36.26396,17.557837
11.634529,-0.7944695
3.757432,0.3450643
35.21795,12.17397
1.0096545,3.7219486
4.344395,3.4800396
14.964459,-0.61521995
13.053432,-0.2992216
2.971244,-2.0732234
8.106525,-1.9578017
-5.409269,1.5469017
36.35307,14.811468
13.653087,0.15260018
9.627748,0.2764558
24.844673,2.8681962
-3.3712392,0.7060206
12.684581,0.6232976
9.963038,0.21448578
1.0555902,3.5633762
3.794321,3.6474645
13.666479,0.36641327
21.435822,1.6400105
-3.1572871,4.653214
-1.5955248,6.4268947
30.011555,9.824738
10.827224,-0.026933296
4.912358,-0.14525877
-1.7968493,5.058378
14.893086,-0.8399724
31.490715,9.335933
37.81362,14.80145
1.0739713,5.099156
4.125802,2.6493196
30.675707,3.8460002
0.6018823,-1.1772975
2.4854007,-2.0574107
16.349949,-0.40652308
18.306581,0.22470917
-2.8912234,0.89664024
14.3990345,-0.23782049
13.4152975,-1.0274109
7.105505,-0.36099133
-5.7266283,1.5644444
14.455061,-1.2740294
16.587097,0.8895947
10.328338,-0.08650552
1.0001945,5.756705
19.950947,1.1678537
2.684317,3.412332
3.6338882,2.2499902
37.93307,16.16294
-0.62049884,3.7713692
16.96896,-0.17120074
2.8227317,-5.457247
-4.564727,1.4402436
10.507969,1.1826004
19.307034,0.8430893
7.1353235,-2.442426
20.900034,1.4559172
12.82049,0.78418195
33.646168,9.487523
27.68666,8.809466
-1.8002994,1.1800631
23.9644,7.0304747
26.322695,7.7061296
32.29166,4.500933
16.582388,2.6213362
33.06731,6.4946856
-1.7909632,-0.9451388
2.8489077,3.7035518
-0.2608318,3.1295605
2.1045148,3.092704
5.1259365,-5.4010167
-0.24963757,6.267201
18.123909,0.10054447
6.258028,-4.7032933
3.974088,1.7319244
-0.05415937,-2.2067327
30.554445,3.7914429
12.383472,-0.82047236
19.45341,5.143659
30.87125,3.9382582
-1.6571977,-0.99044657
19.81131,1.2436273
-0.5816254,1.555917
37.876705,16.393143
0.7407504,-6.1087117
15.336559,1.1228923
24.378077,2.3165262
4.2416725,-4.299836
6.160131,-6.4842525
-2.9820013,5.6549387
-0.25102255,-0.93702877
32.434895,5.4639688
2.7164745,-7.1288476
12.209356,-0.6197816
10.888655,0.038854733
33.096867,5.4000206
3.8367138,-1.2516545
12.574082,1.4828515
1.508127,-4.778437
33.48591,9.390351
11.682249,0.583655
0.5953229,-0.72151506
1.0992949,-0.47054848
29.813116,5.411937
-1.3697975,-1.4019963
12.837128,-1.0287074
18.594593,2.3454368
3.4111066,-6.424134
-5.858373,1.6057909
1.2970088,0.23872484
29.783209,5.895508
-1.5610669,1.7112931
1.6347265,-3.1366234
23.24347,6.7210293
36.16972,15.984035
27.797222,8.866363
28.17117,9.025468
4.9970613,-1.3557335
27.667187,8.79505
-1.3163304,6.5049243
-0.12299296,1.2449712
-3.4124942,5.010928
17.008373,-0.43996927
26.887506,3.045875
36.280575,18.152534
23.292316,2.1337512
2.2372637,-0.5015856
29.539362,9.622471
26.249065,2.8424602
24.80713,2.4744043
25.328321,2.5942624
-3.309665,5.4395385
-0.031113591,5.7762146
2.824788,3.7416167
32.47111,10.977566
2.8890715,-3.6193829
24.04036,2.231086
13.525268,-0.8754288
5.412314,0.79467785
2.945747,1.3180817
1.6609323,3.1126816
15.494755,3.4244437
-0.20224187,5.646915
1.3261075,2.723431
0.5354038,5.991152
0.31491593,-1.7056897
32.800823,7.895575
4.866048,-6.5193725
5.5097027,-3.571128
26.740316,8.42454
25.68886,6.025141
32.14905,4.4838295
37.497707,14.013527
22.397923,1.9146847
1.9201312,-0.15763031
25.142464,2.4622805
2.5640721,-3.1877894
0.38659647,-1.209464
-0.6226041,-0.16656552
33.079945,7.7576966
-2.0469654,0.23932518
-0.080090016,6.322879
0.9091354,3.7342687
12.791119,0.41455737
-1.3806872,-1.2614259
9.550672,-0.10546981
17.817062,1.025404
5.524161,1.0555209
2.3268108,1.8100841
24.665812,7.3578043
24.778404,2.4256468
7.771919,-0.3324531
13.825746,0.54443467
22.972574,2.128652
33.005188,7.146215
24.429928,2.409493
32.19121,6.5259924
6.0560045,-3.3434422
33.76315,11.12867
7.0801105,-0.92133534
33.723633,10.37841
25.654846,2.6418161
36.737812,17.721905
7.8687463,-0.74748814
-0.09984967,5.8351583
24.808527,7.403852
35.429153,11.559403
33.102642,8.671084
-3.074082,3.595127
11.32519,0.5063714
35.97362,16.158674
18.053993,0.42868927
11.517497,-0.19362532
8.965077,-0.6562146
3.6356661,3.2827222
0.58878285,5.1521773
4.020991,-4.7708435
33.832363,10.231331
33.015034,7.475106
13.1823,0.54245174
13.076051,-1.2821604
26.5537,6.368963
21.274246,1.8824382
15.921667,-0.7401384
-0.5323338,5.994687
34.065716,10.190267
-0.30367514,-0.51723266
22.793201,6.4679437
2.0935552,2.3726115
1.5995932,0.0844685
0.21372321,5.2637844
18.09402,0.163844
3.7453187,-0.3260022
1.667006,3.37584
-1.8026404,0.20163275
6.163969,-0.85857093
33.50442,9.834193
37.789898,14.838725
0.9174488,2.3425725
3.210017,1.8272313
1.8893342,-5.6230083
-0.23442599,3.065775
29.07436,9.41064
-0.034030404,-0.83084667
-0.17719838,6.30733
14.679873,-0.90884984
21.741638,6.056536
31.718365,6.500414
37.5336,15.2954445
37.813263,15.134981
0.9671846,5.6258483
24.806702,3.51687
-2.8811188,4.3348527
33.263805,11.291381
0.6013337,1.6265051
19.600964,5.102972
23.973036,2.2380912
3.7950015,-5.8728237
12.894734,-0.48239264
2.2029333,-2.276596
37.721607,17.54225
-1.8856401,6.4418254
4.451901,0.82787037
32.085796,4.747478
1.5978229,-3.8507974
1.182827,1.0339917
32.815163,8.615188
-1.2048922,1.5348797
21.023806,1.4510683
1.0947945,0.73175013
16.144865,-0.60817826
15.264648,-0.6539184
16.361904,-0.61727357
20.181812,1.1980112
5.204292,-6.8019986
0.22946075,-1.0636233
1.1334205,-1.069625
-1.9060194,-0.55881727
0.6126221,-5.306867
36.860973,15.567139
5.7343054,-6.8048873
4.206198,0.3057057
1.6617384,-3.3985777
32.545895,7.2101483
5.4264183,-5.3726134
0.13256124,2.137056
1.7082007,-6.4907527
-0.8111133,-1.1145033
33.81314,10.004293
27.086014,3.015814
3.2781134,-7.3607755
2.4144826,-6.8185353
5.0271792,-4.742463
-1.56199,4.131958
10.024986,-1.1910394
29.88071,6.1888013
16.073193,3.3419337
2.278872,-5.2700286
32.59931,7.518006
-2.9818368,5.595513
17.43056,0.360724
10.671302,-0.7767185
0.92295486,-5.626258
11.749262,1.299181
2.095818,-2.558847
6.076185,-3.4280448
-1.2488518,1.4992998
4.818501,-6.067948
-0.06737849,0.30125836
15.642108,-0.52859056
6.31927,-0.75456774
13.7971735,1.323718
2.642151,-1.2345184
6.8728914,-3.068602
13.130277,-0.75428665
-0.4255714,3.744785
3.853408,1.2943703
-2.461262,1.3676226
0.48771384,5.643963
1.6111364,0.037928
-2.2031214,4.2377286
-4.4961467,1.4223272
12.301326,-1.0570596
15.403398,-0.47010168
-0.86263865,1.1072019
10.942219,-0.34276327
-0.5632486,1.6369044
-0.7996854,-0.017015083
36.286823,18.160074
9.284252,-0.68561995
5.765269,-0.69471085
15.464371,1.3146721
-1.3839736,0.77738583
32.534008,11.071232
14.470789,-0.06839977
-1.3114629,6.1038604
11.743447,-0.8253275
-1.2630937,0.53964114
0.16107515,1.2536787
33.521637,11.39424
1.767268,-2.5847979
-2.5623832,5.09166
13.881424,1.2754861
-1.3686213,0.69249356
1.5865314,3.679505
9.724885,-1.0433978
14.052949,1.4665755
21.266872,1.6298362
35.540287,11.84179
24.451548,2.425264
13.937933,1.6012245
-0.07233569,-2.2104216
13.994442,1.5034982
9.020629,-0.46386465
-0.37606117,-0.7290894
0.15285543,4.920851
10.47316,-0.9041859
-0.039963212,5.769019
12.700335,0.24572457
-0.36614415,6.192645
13.986466,1.500955
11.107088,0.06450142
-4.212657,1.7150476
16.98753,-0.37741074
9.69589,-0.96931803
-1.5468366,2.0061693
25.179928,4.1962795
29.1228,3.4209497
4.9052024,-0.4921089
21.497879,1.763461
-2.050247,4.5348577
12.013477,1.1368462
32.72569,4.7993674
36.873066,18.34847
-1.7573714,2.128221
8.319885,-0.82932603
27.11664,8.622383
0.104343444,6.2910047
15.023605,1.0479327
32.20445,6.8274097
-1.5793805,1.4161041
13.984408,1.5705014
-0.121190995,6.2048388
37.110176,16.707056
2.635094,-4.0164757
10.211934,-0.5594493
7.0980983,-1.9217244
32.735443,4.891794
37.844204,15.053704
2.2890303,4.8156366
15.197278,-0.16681014
-1.5267267,1.8662212
3.3580573,1.5414532
24.628025,7.356973
2.4727578,-5.51458
1.9313848,-3.6703632
28.910809,6.246596
25.317364,2.6329591
22.295889,2.0165682
-0.8308546,6.370049
-5.1196227,1.4959697
27.533081,3.2291846
37.879467,16.826048
3.9794183,-6.753406
-1.5389657,6.468082
16.087255,-0.7616168
12.744348,0.2550296
1.1791203,0.99740803
26.902496,8.523958
2.359031,-0.67400324
35.98185,13.327032
13.587789,-1.0332447
17.341412,0.91230035
14.853839,0.108322755
1.3421569,-3.8448634
12.0179825,-1.10297
0.65319735,5.0364113
15.376133,-0.9480623
5.645999,-1.9401618
2.5912938,1.4196454
1.8238165,2.576012
3.7167382,-5.1743402
36.504,15.341122
0.30751327,4.055077
1.1188829,0.066849604
25.555183,2.6338847
6.0792184,-6.4566603
1.6437666,0.53567874
31.783543,8.998322
35.367596,11.638613
33.255405,8.275394
11.544212,0.54509676
-0.8079409,1.9410514
1.2694702,-0.53876555
1.9963572,2.7701454
31.416729,6.416498
4.473059,-3.9634395
2.890292,-2.5280004
5.927605,-5.363683
24.226318,2.4344008
22.304329,1.9316956
33.75505,11.946111
7.0070033,-2.5190234
1.9198234,-1.9121224
0.20212081,-2.053454
6.596377,-0.08553372
-0.84421366,-0.22557722
36.468945,16.991812
1.0730224,-3.925497
24.593163,2.6868522
38.05371,15.44464
-3.2213411,5.473373
10.185565,0.47544065
2.1958303,2.717686
20.99084,1.9306828
32.72228,5.774484
19.193575,0.80438054
13.528766,1.5997304
23.871346,2.2318614
11.978274,-0.6431967
0.9727312,3.5829844
17.838526,0.1985388
32.617302,8.255929
15.156048,-0.94838893
33.34191,8.873484
31.242916,6.3966484
12.166074,-0.8898171
2.3575563,-7.183868
1.278719,-4.727097
-0.39572784,2.3706539
37.861053,15.276723
26.759417,5.4327936
4.6320615,-5.4534316
22.073357,1.8380815
-0.6403772,5.768929
18.720577,1.5967866
20.22602,1.1137252
12.315,0.3023993
4.2017865,-4.7587
2.7754598,1.6986426
32.926968,5.0284934
18.680996,4.831339
31.650528,10.534745
0.688875,1.6562588
3.1056635,3.337194
1.099643,-4.1667457
23.886375,2.240868
3.5820098,0.37898842
31.988075,10.51333
12.7025385,0.19279207
35.97761,15.664309
-2.072378,-0.77286786
16.731781,0.7137041
1.8404777,0.70240104
36.0164,17.395208
5.735439,-6.755451
22.489586,1.9790326
5.1665215,-3.8472056
6.2855387,-6.1918817
-2.9970922,5.6935163
-1.5676627,-1.0429815
28.629631,3.282197
2.0257986,0.82852495
6.901251,-0.6353704
12.527602,0.6469742
13.213052,-1.140457
32.896416,5.085244
1.554451,-0.63882434
32.419914,8.976111
1.6215694,-5.4323773
36.27172,18.108559
6.059012,-0.11825739
12.281875,0.21227588
4.627226,-6.4883385
12.63767,0.69663155
32.25237,6.362884
8.922483,-0.32122907
1.5421643,1.0488642
29.895107,6.698
3.9481156,1.3058647
1.5384846,-5.674358
2.8566628,-6.13618
3.2878458,-6.457576
4.239343,-6.613044
7.9865613,-1.489513
-0.4396735,-1.9253696
5.741817,-6.2298017
37.20048,13.594717
-1.2249427,-1.4429677
3.142114,-6.392497
31.160889,10.279597
6.518882,-6.3441567
26.609644,2.9231389
35.924213,17.658583
4.045574,1.0832969
-2.7955198,5.796439
-1.7065043,0.14354207
1.6631606,3.863889
2.8279543,-0.4939266
27.092966,3.0786016
18.531546,0.3234103
19.000296,0.53730935
16.933805,-0.38375255
20.678965,1.3452693
37.745205,14.56095
25.067495,3.8725383
13.162456,-1.0327331
36.00717,13.417953
1.0314333,-4.5513835
1.5050702,-6.582866
20.89266,1.449849
0.8098741,3.9326515
6.7611003,-3.3773196
1.989685,2.3866506
2.2188952,-3.4813638
23.162,2.4211388
29.01122,9.342456
22.275558,1.8720261
8.540906,0.36981907
1.6897018,2.5924773
2.280147,-5.5512686
-5.7435594,1.5676869
2.2729497,-3.787784
-1.3679276,-1.2137266
1.8626304,-2.868287
17.640911,0.12834992
27.431917,8.724742
29.986296,9.787718
23.925985,7.0379996
31.359943,5.550429
30.4944,5.9767895
10.103464,-0.66953146
1.4178894,-4.4325023
4.5156407,-4.8837075
24.758034,7.446062
31.103031,6.0947614
12.144132,0.095997944
1.6189909,-5.9372416
36.507847,15.391249
1.5261123,3.0774481
1.8514695,0.14849176
37.96204,16.761024
14.803008,-0.64271796
3.5737684,-4.274609
0.4171448,5.599663
0.02474979,-0.41052446
36.358055,17.119545
18.182451,0.08303703
12.251433,0.87614286
3.1167054,-5.4904094
2.0046186,-1.0996634
4.7952642,-6.3820443
17.00574,1.5659857
6.6006417,-2.689179
-2.947061,5.6695147
32.505386,7.609987
-0.36559078,-2.171543
4.954675,-1.2599813
14.197825,-0.97765696
2.503111,1.1698903
0.7814775,3.7852936
32.56932,8.083814
1.7948046,-0.74174774
3.531486,-4.290115
-1.8983493,-0.51396835
-1.8834875,5.519133
4.540714,-6.161621
32.670208,8.2346325
1.3990965,-0.7007452
1.7278612,-2.0186222
-1.0308945,-1.4761139
21.478718,1.7392784
16.612333,3.9585538
15.000253,-0.93442833
0.1268337,-1.4581219
1.324383,4.3565793
27.153961,3.1050253
34.609272,13.355574
2.0975144,0.5723022
16.087887,3.7456508
14.664357,-1.0073155
33.910744,12.328682
25.045311,2.608347
1.165951,-5.54572
-5.05063,1.4847598
6.3690023,-5.945068
32.5817,4.65447
18.38539,0.53523743
0.6901682,-1.3948643
33.74853,9.713186
4.8005667,-7.1643405
35.669327,12.39093
16.042658,-0.8761724
3.8836424,2.720837
-0.48947904,-2.0905373
9.107754,-1.0180963
4.008228,2.3983412
16.599665,3.9509692
-1.6112902,-1.2295403
4.1974816,3.2731774
33.207935,10.282215
28.794586,9.316416
1.8927107,0.54079497
2.194098,-0.04926692
-2.9404855,5.6767993
24.159338,7.1244974
1.577735,-4.0282874
27.41283,3.0457008
4.1622524,-6.259967
25.352621,2.487358
36.480934,16.091013
16.592049,-0.16726957
16.022406,-0.8210126
11.821219,-0.98746574
15.734284,-0.39601716
26.015427,8.125167
3.5165374,2.6650352
12.116872,0.13499011
2.8966665,-5.9466705
16.019142,-0.3849574
-1.1206899,-0.7136035
2.4968581,1.8532048
-1.5524275,-1.1063162
19.160877,0.7153248
22.801315,6.5146427
-0.34958884,-2.2170682
-2.9635496,5.6816206
27.429443,8.727034
-5.8601985,1.6330425
20.13437,5.4089556
33.23737,6.586307
35.70032,15.857253
0.4100676,1.2144979
27.840086,8.871283
4.405116,-5.6444745
2.1898289,0.95235026
10.488674,-0.9591783
5.5184183,-4.5363936
5.6321936,-1.258191
36.113583,12.613116
33.800392,10.068211
1.934221,3.931634
0.9005564,1.9781739
29.444885,3.458466
1.2947972,2.555893
20.063442,1.2029628
-1.4599657,1.9219787
6.0260897,-5.9317317
30.256414,9.927088
1.4629364,-4.250971
4.941663,1.8026707
37.245716,16.542692
5.694135,-4.0860186
36.61765,12.818882
-2.673742,5.878137
3.0288398,-3.1142437
0.43190315,0.92276466
8.495271,-0.015896184
2.7487886,0.86433375
15.482032,0.49750367
11.4480915,0.026649373
17.53859,0.05653514
35.119606,11.214926
19.121101,1.6145624
32.92855,5.608693
25.057795,3.5133197
0.09711674,-2.357184
17.514301,-0.10078798
25.771576,7.8538346
1.6549807,-2.949489
19.259195,0.80185956
18.405968,0.4366639
-0.9619717,-1.4317055
2.992577,-6.3121014
3.4635792,-6.7302923
18.25081,0.3682665
32.821415,6.3850346
8.822085,-1.1261178
27.74357,4.2258453
16.384552,3.858211
-5.7971587,1.5918963
1.755564,1.6698147
37.8028,14.996259
5.501414,-4.5314593
36.534832,15.517342
0.018837009,0.21608414
35.330975,12.266316
6.5297837,-6.214478
25.907335,2.6953166
14.247335,2.3927603
1.12606,-4.208513
21.557758,6.0026975
26.88864,8.520988
1.516855,-3.2164063
30.81535,4.0369134
23.878391,6.9520183
-0.1296601,6.2567196
13.876262,0.5643035
1.7815943,4.3426967
2.7144873,-3.8953478
-2.9813156,5.6476226
4.737622,0.98598397
17.32904,4.342279
16.635695,4.005096
28.110357,8.999441
0.61683804,1.9131575
3.383362,2.9772048
2.8801937,-3.8877964
23.575495,6.851097
35.798588,12.5071335
1.9426489,-2.3692782
26.79537,8.499807
1.4462011,-6.9330783
3.304183,-2.161768
20.169764,1.1511427
23.575178,6.851056
2.648242,-5.579908
1.5942991,1.2384499
0.52298003,-0.5119058
34.662373,11.933526
26.797516,8.50358
31.78552,8.395163
0.25761274,5.5058866
-1.0824585,6.501469
-0.9106383,0.4768187
1.9338028,3.3187923
2.6792965,-3.8468711
1.8257546,2.514279
30.871796,5.8332243
23.166101,5.51588
6.5224257,-0.48402938
0.6042896,-1.0489198
37.28871,13.656336
6.228284,-4.7421646
35.923096,13.835319
1.364389,-3.9679868
27.00895,8.565065
1.3901901,-5.2986417
32.447754,4.678777
0.23128131,6.295254
32.437397,10.9475975
19.600517,0.8849861
12.0317955,-1.1463171
-2.2378514,1.5492901
30.784536,9.15102
5.2132196,-5.254205
0.41755822,5.8902936
33.565395,11.443379
20.070099,1.0414585
6.9722767,-0.790836
0.14214137,6.646996
0.93828875,1.6230562
2.8744688,-3.6291027
0.18922833,-0.56419075
20.713177,1.7509004
1.7325635,-5.2153244
0.21539071,-1.4346482
1.8354175,0.60867274
2.2560902,3.9380064
36.29771,12.657468
30.97242,9.322268
2.7364755,-5.6441803
22.235632,1.926521
0.015455279,-2.333095
36.516106,12.733223
31.609552,7.57716
2.8884742,1.0366653
0.93143517,5.085474
32.793472,6.4280086
-0.607665,6.4247065
32.265152,4.4610896
2.121866,4.390695
21.067371,5.7426324
2.916662,-3.6953712
1.6565859,1.3956416
31.049028,9.534466
-4.8100963,1.4846877
1.7024021,-4.815754
21.636202,2.599157
14.06298,1.42566
16.914925,4.1168838
22.465284,6.2717967
26.83355,2.975224
21.867865,1.876444
2.9381466,-5.937634
2.2698257,-1.6699973
32.988953,7.960234
2.709012,-0.71687424
2.6247344,-0.9966234
36.222797,16.252317
0.8888925,-4.5900145
37.905006,16.120705
20.839228,1.4980885
37.095684,17.358004
3.7184236,1.5574948
5.4154506,-0.27649388
18.427593,0.24804868
34.292118,11.768592
12.628639,-0.16119157
-0.27367017,-1.6769032
3.533234,1.6883999
28.91407,6.4607387
34.954807,12.065437
5.5023518,-5.6891623
9.16705,-1.0212897
22.160692,1.8933343
4.829874,2.94023
13.37974,1.3516734
13.192588,-0.59480417
21.682089,1.7856178
23.22321,2.1035945
15.709234,-0.79070485
6.8924084,-0.5598928
-2.423884,4.675134
-1.5727627,-0.8219842
6.3303657,-3.6342912
-1.7364328,-1.0979844
-2.6961074,4.480209
1.867471,2.0101266
6.3742914,-5.931496
3.726386,2.5295186
2.182584,-4.9963956
-1.4987738,6.2555127
21.95869,1.8352822
24.452488,2.4270291
12.5595875,-0.947852
18.39048,1.3153039
25.575087,6.4153657
-3.284157,0.6017885
33.134674,9.755626
26.391626,3.5506976
21.862032,1.8083563
2.4230905,-5.525387
33.538624,9.208133
27.264837,3.1298995
6.5185165,-5.8318143
6.134751,-3.3173363
31.059788,3.976417
0.43799165,4.3989367
18.634624,0.50502944
2.2997818,0.6526927
-0.46531722,6.772248
1.5989075,5.572645
15.571235,-0.52624047
-1.1556218,1.414976
27.842546,8.872615
-0.03933617,2.7218022
-2.520868,4.4612737
6.267937,-5.9078636
18.768728,4.8583255
9.23411,0.30530992
34.560658,11.675859
15.508758,-0.57826126
9.994095,-0.7426981
4.8296227,-1.085311
30.70831,10.064312
17.631691,-0.05135928
4.643587,-2.93914
-0.23270509,6.628165
2.8491154,-2.2998464
3.0246954,-6.8375716
31.884535,5.581174
33.417793,8.950633
0.7845145,3.5781162
33.95272,10.457567
3.7102892,3.3872721
-2.0440202,1.7059317
7.5273724,-0.27884468
3.1326115,4.46476
35.971287,17.794302
22.10721,6.1894746
21.017307,5.769965
32.677074,4.797939
1.7707038,0.9982916
1.7171638,-2.4326673
16.726498,0.067221895
21.274601,5.8397746
2.1913476,-2.0839047
31.193855,4.073236
8.178033,-1.4618713
29.037237,6.4268403
1.6031773,4.9444346
12.181769,0.53699124
36.544537,15.29812
5.293403,-4.938431
0.5305663,0.37327328
3.7304192,3.5589223
0.59436756,5.9300637
29.684654,3.6052372
20.80306,1.6618685
-0.30111787,5.3985496
2.78657,-2.9553647
24.741491,2.761642
0.67700416,-0.7478646
22.602757,6.438186
30.690765,3.9114306
1.364775,-3.2705483
29.704447,3.5721345
0.74719363,-4.567819
3.0101285,0.8407322
1.8439727,2.9699395
31.47829,8.880072
31.320543,7.314502
4.3952756,0.84632266
2.1191041,2.0090222
-1.604214,-0.19808124
32.64737,4.7461305
4.14417,2.2859511
3.434136,1.0209854
33.472557,9.122385
1.6569753,3.673193
33.395447,11.341952
11.092456,0.92204916
1.6526482,3.8293576
27.040941,3.0143027
32.687107,9.33755
24.80874,2.478332
-1.9231191,4.528334
2.52094,-0.5751935
0.4374924,6.0623746
34.198376,12.654206
6.037042,-4.841484
15.901714,3.6213994
31.957846,5.3785853
29.861681,4.1135783
1.046422,-0.5220195
6.1978326,-1.3527821
1.967166,-4.704502
17.889425,0.3139867
2.337041,0.20030893
2.6098437,-0.76371753
-0.8534407,1.254197
-0.78578824,3.950191
35.969883,17.699091
2.0498369,4.7823906
33.000427,11.185122
11.127638,-0.88049996
29.54377,3.7075787
37.183315,13.536636
37.636066,14.682316
26.072319,8.14084
1.0915775,3.8634462
1.4660344,1.3047577
-1.5524712,-0.75983775
0.6544791,-0.46137294
5.816465,-0.65438306
37.972347,15.031839
26.22756,8.2189045
0.96813494,-5.5907154
36.986538,15.46286
22.977762,2.086979
33.588966,9.632225
31.434078,4.1612763
0.069658786,-2.059236
30.44875,9.983717
4.0941234,0.39959398
4.034903,0.76944005
33.908512,10.167556
6.8077865,-0.35091576
3.635747,-5.972116
26.272497,2.6889126
13.847783,2.431241
0.82038695,5.4842753
25.299082,2.48119
30.809843,10.152679
-5.806193,1.5757428
34.38908,10.325791
5.740582,-5.6913557
0.9887298,2.9170618
35.485794,12.317595
24.406212,7.2654376
29.898262,7.334998
-0.44084188,-0.42456445
1.0762417,-5.973289
35.773853,13.2076645
0.01981834,0.39800373
10.925357,-0.91083753
37.338726,13.754515
25.896336,6.6258726
32.111546,8.100305
14.147734,-0.7685236
15.04926,-0.84044826
35.075794,11.181844
33.010925,7.5236835
20.52662,1.3802671
13.740142,1.5129503
16.275198,-0.4451798
14.648074,-1.1118611
16.378033,-0.6501051
0.8946672,1.8233706
-1.0999184,0.37778214
-0.73849314,-1.7706786
2.746239,-2.2858334
3.0704799,-5.930982
1.4918809,-6.233774
31.131102,4.346965
6.1585937,-6.345231
15.791802,-0.8366487
9.642171,-1.079935
2.5487585,-5.905462
3.394387,3.2015986
2.5736032,-6.022529
8.757229,-0.7009529
31.180294,4.005695
15.638306,3.5132563
29.31847,3.5876546
18.863953,0.7808874
-1.4108555,-0.60727096
2.133677,-2.3691015
20.34328,2.6183524
36.364296,17.984478
27.847128,3.0918937
-4.0642323,2.271955
-3.9609342,1.5021199
28.506004,3.4021654
2.1359522,-4.2880116
1.9581075,1.2232368
37.903053,15.578787
21.784609,1.793082
32.533756,8.688707
5.5745115,-3.815897
2.5414867,-5.8600216
37.35851,17.11299
0.28767684,2.4186358
36.1338,14.156791
31.15707,5.9038205
30.176083,9.899788
30.706146,4.0571017
4.9520884,-4.245125
5.0236325,-6.508284
21.652071,1.7650552
14.1091385,-0.4849337
36.55866,12.774927
14.731658,-0.4338902
16.075514,-0.43087468
15.49025,-0.43042526
15.2805395,-0.5543407
0.3184519,-0.12214576
27.201103,8.649312
-0.4474649,-0.7683686
2.420621,-5.934618
29.522831,9.597409
13.784927,-0.30931553
18.22202,3.592291
4.3269,2.1192222
3.8515177,-4.6872945
36.621906,16.72043
2.060247,-4.100702
-1.0334172,6.2540174
24.082542,2.3571694
28.992643,3.3877728
4.6235423,1.596357
30.861721,6.44445
14.738986,0.53236187
3.5666525,-6.7026367
0.17041495,1.4278635
31.895885,9.245042
-0.45471498,-2.0465264
-0.5091197,0.27134314
3.8009553,-6.2696815
6.816952,-2.7362757
6.7752275,-0.6976894
1.2111619,-3.9121542
6.0494986,-0.47857603
1.5062428,0.22807564
25.464745,6.2447915
21.981071,6.123074
17.01892,4.197952
11.180334,-0.12457071
-1.734355,-0.9562262
29.5397,3.5022016
-0.20833775,5.826142
30.615707,6.156053
19.579601,1.373741
-1.1880596,1.8426399
23.14542,2.4536216
24.35232,2.3444824
15.541551,0.2101549
36.36938,14.911291
30.783058,3.8244815
3.0668988,-5.210966
2.0195405,-0.8221799
2.2761536,-2.5940318
17.652946,-0.011469705
-2.9368439,5.192789
32.114994,8.900234
0.94473916,3.5678296
0.9917248,-4.9052753
35.49548,16.138315
22.638786,2.0403574
14.43352,2.7611558
16.626703,3.9443052
6.131781,-0.692752
33.175465,11.249432
31.032806,10.028376
5.2337427,-0.93213594
32.629097,5.1062517
16.95816,-0.25330648
31.55547,4.2469897
35.543774,15.724125
5.27991,-1.7413086
28.682575,3.3216178
5.4673944,-6.888145
1.8553822,1.9722353
23.412167,6.769501
34.71377,12.191303
34.65183,13.743449
0.51813513,1.5847398
19.306524,0.70642555
0.840658,-5.4191575
1.7193155,-3.9713626
30.622475,3.8720565
32.407154,4.599801
-0.3077676,5.2370543
23.605707,6.8298445
1.9695404,4.745845
-0.71988004,1.9703854
20.916164,5.7365637
34.027187,11.856235
1.7756412,-0.03596674
2.2307487,-2.0547106
36.56128,15.191126
4.1791196,-1.686165
-2.9034252,5.6099753
0.7517958,-5.276312
1.1501617,-4.169174
-0.55301446,0.44264904
20.60083,1.2781414
-0.14790556,-2.1478727
16.538565,-0.56701064
-0.2565994,6.343472
37.404827,13.84598
4.1588683,-5.083991
25.178596,2.5585024
29.930298,3.66782
1.2779651,1.9481752
-1.7394361,-0.4986764
2.7720468,-3.4779298
34.426437,11.845461
26.574291,2.9112713
7.0997224,-0.3253239
31.434347,9.482472
4.6197925,1.9171638
3.4582663,0.5952338
5.752352,0.39323297
0.53347236,0.11458506
34.38264,11.031608
30.679234,9.039048
1.2637,-1.1605223
4.1732645,-1.4815294
35.60696,16.665192
37.89177,16.636862
2.442559,1.2305822
29.862019,3.662086
0.015574965,1.089187
4.7135453,-4.933613
1.8921056,3.0126812
3.079946,-5.9365926
15.904826,-0.8139597
-5.8391876,1.6021193
-0.28917238,-1.5284492
0.43994525,6.0910587
25.424019,2.9304805
28.640457,3.5387032
35.05968,11.14738
31.650948,4.2531676
2.6120625,-6.569996
2.2997036,3.3033528
2.9528494,-3.5161638
19.336906,1.3058032
32.311462,4.6253457
19.071957,0.54929477
1.149332,1.0442327
-1.233314,1.2825816
3.546258,-0.9073223
-0.21051285,5.53646
2.327264,-3.5778823
21.42608,1.8216766
13.863734,0.8217474
26.901752,2.849942
10.732584,-0.7937025
-1.6394517,5.557961
7.41703,-0.7932645
6.852281,-0.73679936
32.784058,6.127818
11.012424,-1.0009695
12.537741,0.6099392
12.256224,-0.67539847
2.6463623,2.755566
34.60668,11.944267
11.767151,0.50757587
9.702498,-0.09500061
3.8670244,0.9133798
18.467384,1.0087788
36.041042,12.378353
18.429348,0.99525416
35.753567,12.337008
17.104156,-0.39427242
-1.7774184,-0.77341807
25.649933,6.6328835
21.229496,1.609693
18.749166,0.65256083
4.3178234,3.612979
16.003975,-0.68213165
13.085951,1.0952741
-1.5723858,5.801563
20.890335,1.4532603
16.599342,-0.07891904
-2.4082706,0.6487323
1.5500729,3.6135342
13.03193,-1.1479706
7.701669,-0.76459706
34.447716,10.839684
10.15311,-0.8047372
0.7758356,5.846536
1.2258358,4.975512
2.1934915,-1.0118269
27.564613,8.764189
-0.87767404,6.904956
15.132745,-0.8160769
-3.297632,5.252032
16.21119,-0.62506783
7.414775,-0.32397494
13.975179,-0.24779306
2.0909395,5.704237
33.846928,10.159674
20.988802,1.4948407
3.3237524,2.274194
16.16915,0.38066807
24.594044,4.021436
17.165998,0.7652303
31.552216,5.6775
22.764338,2.0046406
-2.4717689,5.875256
9.311534,-0.6266438
19.337545,1.240966
-0.41486236,5.9492254
18.774275,1.2303346
-3.5821261,0.78600615
32.245014,7.7515874
-0.65842885,-1.7302328
2.6280515,0.8566619
11.844298,1.1988252
21.28327,5.8230586
9.300297,-0.5397557
31.528725,4.2105584
5.115593,1.4124554
2.900822,1.0760113
-0.34693834,-1.197791
15.235875,-0.94816196
2.104158,-1.076941
36.492664,13.941081
25.32894,2.677794
14.785915,-1.0469495
37.17214,15.845192
18.20987,1.0072956
18.054462,0.9221802
4.02609,0.11949624
9.278592,-1.0294815
5.477824,-5.562658
33.278976,11.609644
21.16575,1.8509815
-0.6702685,0.73810506
36.457935,15.1028385
15.16067,2.979889
0.8715537,-4.629255
14.244439,-0.57022107
12.349037,-1.0966445
8.208098,-0.83571017
5.5201845,-3.6973953
6.2860575,-0.81879675
-2.6649761,5.9952974
11.090669,0.39491144
36.3173,16.800333
5.246843,-5.309896
1.9852104,0.75652397
19.43835,1.021237
17.65152,0.42023066
17.928816,0.50926614
0.24484828,0.8871137
5.640977,-5.3331814
-0.6726083,-1.2181742
5.096512,1.8107682
4.955934,0.71000135
5.427082,1.4153708
28.560432,9.198973
19.752428,1.1994451
30.303223,7.778845
33.869865,11.602631
1.282145,-5.547521
19.48349,1.1341249
-2.9941485,5.713894
1.0187426,-5.9209127
16.801374,0.23879911
-1.6784389,1.3789383
-0.27221438,-1.1158816
2.2389855,2.4271135
-0.93697375,0.99746966
0.93151385,-1.6863614
34.22225,11.458123
20.794336,1.4553894
4.418682,-5.2414393
1.9503057,-3.8204384
23.013824,2.94456
37.91338,16.487612
1.7304575,-3.6976638
24.112452,7.1354003
-3.9321313,1.0508158
0.5722309,-0.3198069
29.102892,4.603474
30.093817,3.7424703
2.5330873,-4.3097916
5.8188043,-0.42517552
3.5889754,-4.905012
22.501516,6.3654017
25.482197,4.6125627
21.379976,5.840311
5.811005,-5.412729
13.072207,1.287933
24.911327,2.8391685
24.313536,7.1656966
29.727108,6.6171656
0.6633542,-5.3225965
27.916693,5.2230363
1.3296628,-3.5121567
16.133228,-0.7155256
2.2607749,-5.5365
18.861725,0.64346
16.330563,-0.5884805
0.09335902,4.5444603
29.019905,6.154531
5.0448737,-4.387137
15.953085,3.670844
-1.8613389,6.0607886
14.812164,-0.86025894
4.26566,-4.84419
14.028038,1.6263164
5.939885,-0.65514576
16.79948,-0.42505595
1.7795665,-0.7984911
20.671919,1.4176946
27.29325,8.677649
-1.5473971,-0.40459952
37.169853,13.534052
-0.4746687,0.23194899
15.965468,-0.050481185
16.438108,-0.6976739
1.5589507,-3.3443983
31.791056,4.3601637
2.309978,0.6745056
14.769556,-0.7861961
8.714529,0.46117488
4.590119,1.8581158
30.853628,4.3019285
-0.13787934,1.3019959
-0.9902236,-1.6920313
1.009978,-0.35667667
-1.0801425,-0.15477477
-1.0682757,-0.70539546
2.6796036,-1.8525537
28.256168,3.208689
10.272039,-0.83761084
0.8185392,3.9953833
37.87275,17.219162
3.4727807,0.22225274
8.742157,0.27750722
33.221016,11.547807
0.6511367,-2.267887
29.399094,5.6793504
-2.2839494,6.1073866
-3.3841434,1.0632089
17.621042,0.037696257
18.40983,0.7136907
3.218689,-7.3053856
2.620218,4.2222333
2.486328,-0.8383049
30.00901,5.693266
3.1662219,-4.5106077
22.920214,6.5827346
31.684135,8.962579
10.319035,0.17596187
15.223182,-0.24375664
0.85475117,-4.8184605
19.026964,0.47283962
19.47752,0.51282537
3.6643834,2.8577917
37.212273,17.795654
31.781694,6.0926523
32.065033,9.680736
31.40191,8.196791
33.937572,10.386351
2.6610913,0.16427554
11.695211,0.57547724
30.125221,3.7589352
-3.3756647,5.1189113
30.756584,3.8440037
1.2614532,1.227053
31.658558,4.277866
34.930428,11.170675
1.6888709,-5.41082
-2.1381445,5.203418
30.766867,7.2516766
12.978039,0.2681698
-1.3804781,1.5694498
0.5005656,5.1442738
32.22599,5.487617
32.917053,5.774307
0.9123586,-5.0820336
35.469425,12.327491
25.721577,2.7271285
35.756466,12.446086
-1.4172213,-0.31472072
30.832964,7.3880453
0.284349,5.9992967
-0.28376862,5.630594
31.101696,7.7094245
29.32809,3.44891
27.875658,3.1564064
4.3649073,-6.312078
5.1586103,-5.9832683
-0.12772176,6.3910127
28.807398,3.290101
13.729553,2.19902
24.947067,3.5981457
-0.7332646,6.372374
31.75164,4.657952
3.7357688,-5.8326063
27.118929,8.606439
36.48527,15.66695
21.72729,6.0549626
32.42337,11.016926
27.178047,8.624341
27.767614,3.2203214
1.6167274,-2.6998477
34.95984,12.128661
36.57552,12.7918
2.22806,-0.8963696
36.51783,15.923101
0.97856575,-1.7592136
36.085403,16.474962
5.230106,-5.2278304
1.8915255,1.7649511
20.818096,1.4560353
1.7940836,-4.209501
1.6499519,-4.840883
6.3422337,-5.79804
11.4211645,0.3974947
14.101477,1.6421732
12.501848,0.82986987
15.502972,-1.0425159
23.533428,2.215392
19.60436,0.8795793
0.8230675,1.5832328
21.267357,2.6297975
0.67043763,-1.0224787
1.5810072,-2.9048343
2.2152824,-7.0234637
11.286513,-0.7211908
16.446798,-0.2954465
31.505283,7.609228
31.44492,6.5514274
1.4302955,0.82156765
35.8847,12.476141
32.992355,5.170258
2.4438093,2.8775678
1.2409184,-3.3282247
26.447958,2.9273407
3.509728,0.12969579
18.36246,4.7203526
-0.89027447,2.1680696
31.2013,8.067793
-1.009824,-1.6002545
-1.244669,6.143242
32.757236,5.940989
0.94664913,5.3206387
15.802284,3.5490656
16.944416,-0.21957658
1.5500998,-6.7472806
36.49651,16.356058
29.407288,3.4545047
28.298658,9.084558
31.200245,4.087168
34.777477,14.164314
28.711351,9.266778
37.038498,15.266532
23.458675,6.752625
7.286792,-0.40317473
2.3285136,-6.5113115
12.58066,0.99638164
31.748251,10.551969
1.003201,2.1998248
26.930838,8.546267
15.437819,-0.043980703
1.6068029,0.30561104
37.469887,14.068899
19.136147,4.93093
37.02023,17.042763
0.9671491,-4.950758
19.869106,0.95133245
36.30695,17.039185
12.211722,0.091526166
25.010567,2.4579268
6.0246844,-4.4244275
26.920403,8.5412035
-3.1226969,5.3449874
4.0246387,1.2379161
1.0079682,-1.7380122
11.672085,-0.17856465
3.1816242,3.902842
11.716166,-0.16834508
11.905211,-0.13106428
0.32797673,3.3435907
25.326235,5.7641077
28.029335,8.9627905
33.007854,5.8913765
4.9111986,1.7156235
6.5439577,-5.962935
-0.49908015,0.22544016
32.578815,10.982975
30.687683,7.2534304
10.9898405,-0.67337143
1.5469203,-5.6977487
26.592047,8.415237
36.921642,16.310307
1.0292931,3.68501
3.5718405,-6.4513144
11.998689,-0.3817273
-5.8505445,1.6439022
0.86054736,0.036725655
4.2778134,0.517141
3.9914742,-2.9537168
37.05472,16.051443
2.1344826,-5.0262504
23.599905,2.1753528
2.437745,2.0552201
32.280697,10.947596
37.852505,16.69383
-1.4169278,-1.2782055
1.1888006,-0.8782376
32.638294,6.6409764
17.884083,4.5716867
36.232388,17.093761
35.29813,12.229098
30.011559,9.823228
35.697414,15.061072
2.0085096,-6.919567
5.556971,-7.0738416
30.528332,7.125895
2.033421,-3.8080704
2.790588,-1.7402517
12.922393,-1.0008968
4.779204,-6.797707
32.433178,10.8469925
36.715088,17.981441
17.069082,4.216257
2.9736543,-7.3782754
2.3820784,-1.7368876
10.762348,-0.19532596
14.835545,-0.9923669
1.1379852,0.9008094
5.8479443,-7.152363
1.4281492,5.626094
4.7735434,-7.4029174
23.448767,2.3955262
38.016026,16.872526
-0.09024808,-1.8317744
26.430119,2.8751972
16.934147,-0.2592295
16.14489,-0.52956116
17.035307,-0.18738364
16.89226,-0.2809368
0.3746343,2.8104796
27.609793,8.776348
28.221617,3.1428127
-0.70759267,-0.2599586
-0.56626624,0.299163
6.119289,-6.4598784
22.16726,6.166431
4.762999,-5.814965
37.197,13.547715
5.506171,-0.7644969
2.7202373,3.1938686
2.019839,-2.5621154
4.7580523,-7.454736
5.400563,-5.8854265
16.032883,-0.5478281
33.421207,8.952834
0.64256626,2.9529116
16.060043,-0.48373815
37.199833,13.677608
-1.3588915,1.4808143
11.997207,0.37334648
15.9913025,-0.5133234
33.85024,11.561123
4.7187862,1.7024084
2.3771596,-6.7640615
28.766773,9.288071
17.393255,1.1308798
33.008877,9.896836
2.2787306,-6.703061
4.428599,-6.3317537
5.068296,-5.935388
30.592192,10.053831
26.508661,3.036551
24.541199,2.4819725
2.5192456,-2.0240917
32.472652,11.071322
25.96994,2.7753677
1.7267864,-3.1848006
32.80859,9.687615
27.290277,8.667398
1.483149,-3.8460276
3.4584856,-3.141015
31.756054,6.7489896
30.545368,6.2439504
3.4607203,3.2361677
33.622627,11.467657
22.81849,4.804994
-2.9801319,5.5838714
-1.9324384,0.81906843
1.2395701,5.4056034
-1.4678235,-1.1265011
1.2085073,-3.7775104
2.365342,-0.10596071
9.037648,-0.0699123
5.882151,-5.8218455
11.493635,-0.28394613
3.19836,3.2409315
34.742928,14.0124
-0.0848746,6.2373924
1.2958059,2.4799247
33.08167,5.082167
1.7941957,-3.7888267
-1.4382956,6.194875
2.367083,-1.6749364
17.810673,4.5403976
-1.4365137,5.6087418
1.2880845,-5.517553
1.9168465,1.0504259
10.728279,-0.52603924
31.903719,9.238009
-5.766523,1.5697986
4.1922507,1.1485337
31.797047,10.611927
-0.12955281,3.8141494
14.284944,-0.99045455
34.67043,11.440472
31.659693,8.97864
3.7411213,-3.1824818
2.2518017,-6.089039
3.7408829,0.4414908
0.741221,2.6676054
1.709826,1.6006907
3.9096432,0.20916714
20.368055,5.500267
4.524554,-6.48953
3.7072463,2.6510873
32.147926,10.382557
5.760079,-5.6763287
12.111579,0.5276989
15.773368,-1.0014796
0.8874207,3.5383039
-3.9807785,1.1305846
33.759365,11.532856
37.857918,15.369832
3.135705,-4.7319293
2.18585,-3.8451352
37.124886,17.24565
3.2404428,-6.2397003
24.668037,2.410765
5.9940577,-4.866496
36.57587,12.79259
-2.3279548,5.9507146
31.882765,4.3862195
22.58141,6.227658
4.1535354,1.5527669
15.158428,-0.75756633
8.355915,-0.83085597
9.360221,-0.45290503
37.15629,15.540863
1.8306639,4.276726
-1.7052305,-0.39405462
35.87923,12.991197
1.9281349,-5.6338596
12.833319,0.6711937
5.7947855,-5.5304565
-0.5493123,0.9204403
17.728565,1.2079197
8.612302,-0.7776426
31.83247,6.868097
5.993279,-6.289146
4.635147,-5.511434
14.009802,1.147209
2.1032784,-4.818379
7.5578823,-0.44059405
2.4297879,1.8613454
3.6785975,0.0027707983
26.012611,2.8307924
0.054364953,-1.9079194
34.826736,14.3426895
1.9394994,-5.8827386
4.7361193,-5.4472814
31.687042,10.51517
25.388315,7.6468487
3.013733,-4.814867
24.600521,2.4008741
28.004751,8.94392
30.997417,10.150059
35.714153,12.387293
37.892834,16.377195
6.143158,-5.876061
17.344576,4.3399844
31.35453,4.1316905
1.4168179,-5.654197
1.9581342,-5.924545
28.89693,9.326071
36.188274,14.857425
22.793386,6.374451
36.160652,17.336584
-0.06868407,0.6366583
26.79941,8.502073
37.588066,14.313
5.0263047,1.1617879
18.589008,0.37523082
20.509935,1.1616634
28.559563,4.835414
3.795958,-4.3168187
5.928826,-6.612309
0.635933,-5.564881
2.1821556,-4.826349
25.076578,7.566123
11.549067,0.46937886
12.332966,0.0799879
11.457047,0.19904079
12.08067,-0.16351949
0.73718864,-0.33438382
2.090216,-0.33462343
-0.31138894,-2.0423932
-1.3126595,1.5030688
1.2040899,-3.8958378
23.562279,2.23489
11.429497,0.23324312
4.335628,-0.37135372
3.4516573,1.4399213
-0.1097388,-2.212914
20.626144,5.5976386
-1.2100627,1.653386
-0.21796343,-0.29779705
1.0446265,-5.242404
2.2653098,-0.16350351
32.984352,8.018475
2.0888789,-0.011236055
21.813002,2.0366828
-1.3395894,6.4293017
6.66302,-0.8767158
6.238868,-4.60866
18.823608,4.8693614
35.88944,17.591383
2.4295318,-1.8816987
2.1562576,-0.55592453
32.21211,9.526857
16.622515,-0.402253
2.911744,-1.1940848
23.258156,5.3104544
2.3249638,-5.320432
12.690377,0.038702145
18.198454,4.674298
18.552504,4.8101225
32.269314,10.812202
3.4261553,-6.5057516
13.055292,-0.6225215
13.549473,-0.75635755
14.272317,-1.0927378
25.848839,3.8553584
0.7957552,-5.7967496
0.65555197,2.4944236
30.8055,4.0581355
26.786001,8.483824
3.6397998,-5.262518
3.7520525,3.7428956
37.0838,17.576933
-1.4802282,6.537014
24.208727,7.1423354
14.876239,-0.3158842
1.8442228,-2.9320173
3.5784435,-6.565446
20.854439,5.6994147
19.720568,0.8213092
1.6534076,-3.6183968
12.755316,-0.7154435
27.818138,8.887521
1.1537561,-2.3356042
24.995611,7.5650096
36.485783,12.753903
1.9282856,-4.9089923
6.079697,-6.367189
30.86346,8.776596
35.183247,14.955626
0.5066634,-1.9636475
4.050294,-4.05485
35.12396,12.152004
27.337936,8.690409
2.250862,-2.4475951
27.268332,3.0317788
3.082369,-1.1018306
2.5340757,-0.58116233
2.5531187,-1.2241925
-1.1170621,6.029
34.713566,10.992697
13.418131,-0.09629165
2.2737274,3.3543353
34.242115,11.748953
24.497736,7.2716126
23.401756,6.7945867
28.821735,9.30615
-1.3742633,5.803234
-0.8428125,6.750324
1.3026264,-0.23133717
1.20805,1.2726756
24.176525,2.4448326
32.760494,5.4388056
35.86694,12.899705
32.271008,10.852398
1.63271,-0.8079618
-1.0352547,6.0948453
9.103934,-0.48226818
24.675303,7.4038653
23.91853,2.2414937
21.002691,1.7346138
36.899326,14.389446
28.221869,3.2033768
-1.6985128,-1.0112108
0.85609967,1.3186996
30.960493,6.6944757
12.065962,-0.76665556
2.132092,2.1747932
4.627557,0.56379473
0.5994502,5.2446923
17.113354,-0.14171658
1.0575635,4.727128
18.436153,0.45833412
29.340986,7.3829856
-0.4712846,-0.042195663
-1.6510062,0.36613765
34.257114,11.3830805
29.67418,7.507229
37.975445,15.25395
30.453846,6.6751423
32.933384,9.150047
34.997555,14.649692
22.598242,1.9045458
9.354064,-1.084318
0.5534645,5.5709987
17.083298,-0.006895287
24.568756,7.341828
-5.727834,1.5642271
30.40892,9.960722
0.86571485,-4.91051
29.885344,3.6603518
4.2444654,2.518753
6.4588566,-3.1696854
32.15602,5.6734147
37.828144,14.717923
22.455362,2.128899
-4.121037,1.6342856
-0.14731309,4.473502
15.58032,3.4896708
33.846905,9.94136
2.9577653,4.1927495
14.679374,-1.0664898
2.9692743,-2.7331614
-3.1240864,5.015964
8.805634,-1.0067691
10.292538,0.2899634
1.130867,-0.7363883
18.965475,0.38151875
0.9545048,-0.8502935
32.98027,5.679508
1.4043679,-4.75264
18.990585,0.7670713
25.04542,2.9239686
0.13842872,0.49928322
3.3240237,-0.5869552
6.234237,-0.067056045
32.98024,6.728307
10.969267,-0.33702502
13.401315,1.3880609
-2.7574153,5.004684
32.986584,5.6108537
26.79318,8.484848
11.749528,0.67032325
7.32165,0.035952464
2.87133,-2.103845
20.103771,0.97892976
31.633184,4.2713513
36.422703,16.930527
-0.8988187,5.552855
29.747955,3.6180813
2.1951199,4.470653
2.4935462,3.7706811
10.118901,-0.9199501
7.911995,0.5320591
16.103802,-0.596712
14.34063,-1.2010278
21.026604,1.5114836
-1.8999007,1.4455292
18.823622,0.36768654
0.53037983,4.8086953
1.3999202,0.42484012
32.5049,10.912222
20.788599,5.656378
6.920069,-0.75019443
9.872331,-0.15922342
4.167999,-2.7509725
-1.3225989,-0.42690727
35.834427,12.189887
32.910595,7.357284
3.4173152,0.677379
-2.3639102,3.852088
-1.4771798,1.424508
1.088376,4.952987
11.677742,0.8917464
4.3102727,1.176534
22.141598,1.8214341
33.412285,9.183397
11.249565,0.7261852
5.3259597,0.22728743
13.767743,-0.09694515
13.453977,0.88112676
-0.7076189,6.023559
32.534523,4.597328
10.361087,-0.650468
32.935993,5.7855544
33.026646,5.490526
1.2785563,1.7942381
33.420063,8.9474745
4.1669316,1.3899919
1.751148,1.3625344
32.86706,4.9963756
3.5013437,3.3928099
1.0050719,0.46655408
7.6818256,-0.8761822
-0.89836735,0.35480526
18.771381,0.27222243
1.1725299,5.0665526
33.673904,9.9198675
-4.674084,1.3745195
0.40948823,6.060754
-2.760324,5.7011733
11.290471,-0.4290026
1.8906329,1.0846013
34.98269,14.105481
32.38621,10.880271
0.30587628,0.69583714
21.459782,5.562301
35.91832,17.70306
26.48584,3.202243
2.649056,-5.4677625
4.670587,-6.522491
1.0372226,-2.153573
25.277157,7.6631107
0.4695306,3.8497758
13.199342,-0.89070976
30.128376,6.176579
2.7119071,-1.3097347
16.127838,-0.693535
4.3392506,-5.5497513
2.87961,3.8557253
37.862476,15.117624
12.1837635,0.8256558
32.767033,11.143045
-0.0026042135,-2.1146426
1.9355459,-6.794971
1.5816844,-3.3946118
29.9124,3.687036
6.4235754,-3.868524
38.041645,15.703758
4.224563,2.147122
2.3585324,-7.1700225
3.3019319,0.2634019
4.60547,-6.7872114
-0.09369609,-0.3521751
12.273022,0.451018
11.73516,0.12760963
12.397553,0.4119691
12.238326,0.7920085
0.7670143,-4.966613
15.362182,-0.38197908
26.949217,8.466646
1.6800478,1.9313866
10.406623,-0.54458296
1.8860621,-0.36711153
4.3506813,2.0862799
36.405468,16.745672
27.549822,3.098687
4.031963,-6.461307
5.8212695,-5.998732
1.3894379,-3.640536
0.7921081,0.18490209
0.3776689,2.2718985
24.175898,7.17176
18.453005,4.742531
1.7011373,0.34076944
12.617047,0.93343914
23.12673,6.6221223
4.048907,-7.301085
20.03989,1.3856597
2.1386678,-0.10195933
31.091543,4.6482368
-0.8514814,-1.2848558
25.315966,2.6003735
5.8002024,-4.4913955
0.055921588,3.087032
6.1314273,-7.054732
18.719994,0.45043162
26.889328,2.9413004
-2.5218842,6.0455403
1.5587966,-2.968052
33.05032,6.926747
1.8530564,-1.746631
35.77213,12.4428835
1.1763697,-5.330676
36.78785,14.3256855
22.306236,1.9942514
2.9225,-7.0650144
30.577366,3.8787456
4.37451,-4.4188113
3.4037533,-5.0695443
14.2752695,-1.021259
0.68697983,-5.1125503
16.711203,-0.3799543
16.292368,-0.40718374
2.3365881,4.069774
6.2655654,-6.40041
27.278221,8.6703205
2.7337432,-2.3136601
17.089268,-0.110573396
1.494082,-3.1002436
12.264941,-0.22545563
32.59352,5.2761965
17.282118,-0.120933756
5.591496,-5.6855326
2.9989,-6.140799
-0.74895567,-1.5850003
13.025792,1.5057099
37.643593,14.3723135
21.23066,1.7470831
24.477877,4.351459
28.3301,6.605475
0.6356154,4.5846715
34.80171,11.057396
30.454092,10.005581
0.26745036,0.92098725
3.856381,-4.842852
17.354818,-0.07400416
33.10444,11.4153185
27.958397,3.4204302
35.81836,17.552204
1.7465053,-5.394446
4.8072705,-6.3029933
12.651521,-0.07807313
29.548101,3.9915981
24.398256,2.6849775
2.8912241,-2.2836063
30.398092,8.73823
2.4515278,-2.482732
0.9537676,-4.6621137
2.2782066,-1.9537262
36.311497,17.950354
7.163339,-2.7894573
34.17274,10.607265
-4.647404,1.7053968
13.822001,0.60833013
35.564907,15.779303
37.785168,17.177492
16.468718,-0.24745713
33.95621,12.768149
-1.4561193,1.3587431
1.164098,5.3955564
-4.5049376,1.3750528
32.604862,10.73621
32.936275,11.148354
13.112576,-1.0495459
10.758296,-0.8411118
13.567107,0.26513782
17.296253,-0.34374937
12.720626,-1.0292388
11.569052,0.06159033
7.0410714,-0.78297555
14.498987,-1.1133436
10.465201,0.45217577
12.222186,-0.5445825
-0.53585786,6.5257077
1.7736778,-4.5897026
32.259453,10.832707
1.2167726,1.4840304
-2.8541782,1.4215872
1.9144623,-5.48931
35.02582,11.414794
34.66807,11.106556
33.964794,10.172902
9.971221,-0.5789646
-0.08774564,2.7635574
36.8055,14.493275
-2.8517652,5.3935566
29.325499,3.4383693
34.849354,11.246742
1.5672128,-3.1417232
31.96825,5.4122396
-1.6185644,1.9830457
1.7515452,1.1804887
-0.33265874,5.5619063
34.996754,11.458345
-0.31754038,6.342651
31.902939,6.7590046
1.5929744,3.7123432
1.883431,-3.8039627
-1.5664697,-0.21766482
4.7195134,-0.35287222
34.445362,10.8310175
35.858227,17.297352
2.9668858,-5.189039
35.69386,15.21443
34.614082,10.723141
15.4062605,3.4155784
16.04109,-0.7478044
4.7322736,-4.571307
0.16037562,6.2192454
11.336433,-0.8828548
-3.2961001,5.0406957
1.5566988,3.7523205
35.656437,12.632361
21.970146,6.121151
33.533546,9.813703
-4.4248786,1.3173722
33.018684,11.149572
7.3331294,-0.2682911
29.856943,9.751935
-3.2727447,4.7896085
1.4643767,-5.556504
37.713684,14.471843
33.825546,12.553509
1.5108995,-5.111386
13.504823,1.5430397
32.36067,10.824869
2.5596874,-5.6930265
2.4177868,-5.5417976
36.255535,17.437927
36.744526,18.422993
20.008755,1.0922914
3.1854646,3.7495706
26.651468,8.407461
5.4615326,-4.908462
1.7289019,0.24189724
-3.062108,5.56828
-0.70111936,0.6044589
17.26673,-0.3135061
18.019516,0.20467307
0.918438,0.51316154
3.621525,-4.2623343
2.0589275,-0.6809801
14.440799,-1.2278742
36.99554,18.268154
32.04966,5.428207
-0.9022011,1.6038636
1.2771857,-4.727088
16.90089,-0.3774279
0.6167026,-0.31991395
5.6772423,-0.25724444
15.455721,-0.78466237
2.5677662,-0.9146
3.7908201,-4.5164237
16.78305,4.0802712
35.87203,14.3209
0.7451001,3.2780812
17.628899,4.46722
1.4575839,-6.038427
2.3055441,-4.2393527
1.9464321,-2.3069804
16.702824,-0.41498134
3.5541444,0.018632548
17.022255,4.192716
36.47003,14.988788
36.152702,14.03569
23.327265,6.750417
27.310055,3.1001155
31.931776,6.618436
2.5163722,-5.8812423
2.2284162,-5.6250253
1.7809908,-4.697552
35.383213,14.669292
22.695509,3.8532093
13.112027,0.04917921
29.445452,3.7902045
4.975323,-4.536612
27.267796,8.669465
28.30745,3.200726
7.045328,-2.6909637
34.167088,10.908362
16.6739,-0.5583463
22.975174,2.0889795
0.20220068,-0.46391138
-0.34459087,-0.029009683
0.72374684,-0.1623572
15.999295,-0.6871911
16.428892,-0.6734153
16.578968,-0.6065054
1.295337,-4.9370832
15.506738,-0.9893832
28.576248,9.200119
28.305506,3.2212358
20.192825,1.061114
6.1297584,-5.5523205
1.5399368,2.7963443
5.4523597,-6.4100223
29.8977,3.643187
0.7481504,4.114308
-1.229409,1.8383342
4.429886,-3.9720888
32.48987,8.864127
36.536446,15.552171
1.4149532,-2.6686368
-1.7376299,-0.9020016
4.7223377,-5.2015314
-0.21071526,2.2006955
0.6990717,-5.4902687
15.51895,3.1789079
26.085989,2.8172252
-1.0942702,-1.365832
30.008524,9.82401
5.648144,-6.807121
1.8372588,-4.9261694
5.3384748,-6.4173694
29.896488,4.0145345
33.106064,9.427597
31.139395,3.9971757
1.4874947,-5.7300773
2.2705534,3.9644582
36.37687,12.651867
-1.107991,0.7677753
37.248104,14.847677
1.4187684,-3.6101608
32.72274,8.294616
24.693842,2.4485292
33.735954,9.712987
6.4566503,-3.2768073
4.2110844,-6.5228753
-1.3456075,6.4871464
25.999252,2.7777715
23.803787,2.3097315
13.56951,-0.38775715
-1.8305585,0.5407059
3.898339,-5.3948636
1.1088324,1.8489021
3.3979304,-3.4738894
0.5741239,3.6458778
-2.0919466,-0.47521254
26.681429,2.9608946
28.926998,3.4528704
2.9992568,-7.454908
1.7466509,1.1533743
37.598682,15.670052
12.261234,-0.5172769
0.6673842,-2.3346071
37.598194,16.15503
-0.7581212,-1.7496583
31.661667,7.37054
25.93539,8.002969
7.2354236,0.23622717
28.74822,9.273993
1.2359412,1.4468822
31.705917,6.545105
1.70151,1.6476252
15.50613,3.4841976
14.943289,-0.99885523
-3.844888,1.5844712
10.1111,0.3551325
5.793466,-5.3502812
36.879456,15.148368
11.658154,1.0977305
30.76524,9.217574
23.489197,2.218132
31.547138,10.24944
1.1840575,4.126205
-1.3638871,-0.41959378
1.296617,-4.1883636
5.7011886,-5.1885886
30.19361,4.316211
2.7279007,-3.593686
33.988,11.644838
33.132504,5.282209
4.765591,-7.058369
-1.5747423,-0.31484923
5.076076,-4.731729
36.439148,16.255419
-2.9341552,5.771568
2.8236825,-6.484105
-0.24943516,0.6215476
3.2051508,1.3980802
1.8439164,-0.11191355
14.522234,-0.8528329
12.22741,1.121035
13.785657,-1.3173603
14.44385,-0.8731104
-0.84298605,4.0695057
33.051773,5.5250406
3.8058767,0.7510594
32.288715,9.249674
26.575443,2.849279
30.828766,7.3596087
1.5017891,3.6271954
1.4808245,-3.1357317
14.009894,-0.8637575
14.692509,-0.851755
0.26059535,1.3727211
-1.6962237,-0.8734677
1.0932298,0.2560307
7.164265,-2.0562565
14.048376,-0.8361095
32.5062,4.6605005
35.451366,11.706604
26.829195,8.5087385
2.4895098,2.0026765
-5.8290687,1.5945302
4.636302,1.480729
37.358433,13.888361
11.88832,0.35334316
6.261512,-5.8570704
-1.5149581,1.8121414
35.096577,14.267771
9.458482,-1.0093783
31.909876,4.4205146
19.343775,5.0759506
16.05908,2.8512592
21.449314,1.8339452
33.5121,11.44279
1.8093302,2.9843996
31.362059,6.97708
16.993004,4.1660714
13.335968,0.91306317
0.47566178,3.584988
19.704414,0.94853675
7.9062343,-1.6019484
5.5155277,-7.3468027
1.187576,-4.687631
2.4301965,-0.05317174
5.9104266,-5.1345687
34.428074,11.329589
-2.8741076,5.5920753
-0.17280695,-0.8420607
7.815915,-2.0142
14.095793,-0.8896314
14.507848,-0.85127413
13.794068,-0.9183916
31.148613,10.308423
4.1242185,-5.341993
32.06553,6.160696
-0.34665105,1.5528125
1.7710307,-1.0297197
37.749744,17.367235
1.3913648,4.180266
15.192107,-0.7543155
15.837966,0.4066092
1.3510246,-4.110721
26.570677,3.0474315
28.319382,8.505596
14.883975,-1.0099047
20.742249,5.637137
1.7384102,-0.2694088
20.381525,5.494258
13.343552,-0.86525404
16.544886,3.9314117
34.799454,13.959947
-0.009942499,1.7011799
4.1052914,-5.5449224
1.6654916,-0.3104709
36.25815,17.567348
6.136542,-5.424871
2.2339666,-5.4431252
2.7454655,-6.2051196
25.225399,5.8910017
31.39585,10.023602
36.594143,18.45857
36.239735,18.164246
31.191011,7.0943913
10.336996,-0.7427758
2.7501934,3.1458757
17.144188,4.2390146
34.64842,13.963831
34.48559,13.631938
37.986744,16.41464
30.101215,9.868805
1.7770491,0.7977451
34.85299,12.487713
17.757801,-0.0028558802
1.7869341,4.1754975
-0.23342702,0.57377434
6.6062365,-0.6131047
19.446558,5.1293907
-0.077899426,0.48357823
1.8387842,2.169951
-4.558699,1.4502939
-0.45519468,6.590266
-2.7921343,0.72495735
10.640456,-0.37731442
1.7717631,3.3719459
11.50035,-0.13739406
36.60077,18.045694
-0.24488065,2.0143185
5.7519217,-4.938618
8.120452,-0.72665465
1.21717,2.5491571
21.77232,6.082502
37.39161,16.931889
23.346134,2.1971273
0.59681803,5.8342714
-4.32493,1.348102
1.3492527,5.5995746
0.46286538,3.7829576
17.996666,0.19901003
19.455582,0.85072815
21.24926,1.6514202
-3.9192684,1.517004
1.4626782,-1.1342634
1.684279,3.5691252
28.059637,7.376453
1.6812036,-5.342368
-2.958911,3.853092
-3.2165797,4.911512
25.807941,2.7695537
17.422688,-0.13677584
-1.1392007,-0.678645
13.588095,-1.3715421
-3.2932425,5.1945815
-1.2312794,3.594558
0.56498533,3.7917387
31.377644,5.377373
3.179995,3.7615366
18.098436,0.16604187
9.618645,-0.5553497
2.9789338,2.8545296
-0.02184197,2.8689952
4.1520324,1.7369574
0.54581124,2.0848455
2.857378,2.6576328
23.450603,2.4972281
1.4198163,-0.31843194
-0.32335445,5.763711
26.47885,8.2881
-3.1721852,5.263121
6.1342673,-0.55114377
17.583773,-0.16611813
-3.2660432,5.233458
-1.1639512,6.7910743
14.127357,-1.1961781
31.627129,8.907252
32.93978,10.934662
6.3033786,-6.5283675
-0.639574,0.86788
32.80294,11.126833
21.152855,5.757276
3.7401392,0.81005085
3.4978716,0.44779268
3.7571003,3.1865983
23.45454,2.2164035
1.9037883,1.6211094
32.342247,4.581171
21.716875,2.5830817
-1.6307011,-0.84763044
6.7045755,-2.8966246
2.1048508,4.46632
30.63915,3.9567246
5.7425656,-0.55513775
32.445576,9.548033
32.997475,11.174884
1.9395993,-5.637304
37.15588,13.519926
36.378666,17.648182
0.2981873,0.68533003
33.04671,11.197622
20.493942,1.3590757
4.2232327,2.146099
36.859077,13.093826
24.309448,2.2593794
11.68858,-0.85892904
-0.8981747,5.552736
29.895924,3.7090163
25.67049,3.0814066
37.541912,16.19758
4.5545335,-4.1003685
36.368763,16.714695
0.5616489,-5.681794
14.291172,-0.4884487
12.198995,-0.14847003
30.65198,4.0690217
28.934519,3.3660722
3.6281261,-2.929982
1.9247854,-1.0699376
16.473745,-0.4033037
19.353144,0.67406803
3.6803126,2.5709465
6.086954,-1.8679472
1.1412406,-4.406418
11.478386,0.4131314
-1.4322848,0.79578185
12.63006,0.35071602
1.4490342,-5.0972834
9.990918,-0.7890974
19.814356,5.2914295
31.087513,4.230864
13.959696,-1.0780581
-0.37069127,3.1088758
0.5811687,2.664886
3.834156,1.8215147
27.161253,3.3801253
35.897984,12.275932
20.553469,5.5440536
1.0029225,-2.7601924
31.685022,4.444076
13.240642,0.5716127
30.822071,4.0035214
28.448189,3.3028963
34.031136,10.818596
34.242527,10.319263
23.444817,2.181818
33.323833,11.121981
1.3570249,1.955137
5.10164,-5.4447002
1.0344334,-1.9383618
25.265757,7.7227254
5.1808453,-1.0161201
6.0457177,-6.246268
-0.18484828,1.724302
13.566915,0.34096017
-0.40215155,0.00362386
6.2278185,-5.77478
14.546684,2.828796
20.483181,1.2063841
26.226402,2.8627198
36.97565,18.334896
25.184427,2.5367978
2.3516297,2.7516556
6.229901,-5.913197
24.683475,2.479661
28.957077,3.3899748
18.343103,4.7319455
-3.2148304,0.43449706
16.464573,-0.44395098
2.9656973,3.8011837
30.033878,9.805836
-1.0062442,-0.22342215
13.648449,-0.80987704
3.6524286,3.5139227
26.61659,2.918866
26.557888,2.939947
1.9974086,-3.1252427
31.62547,6.661167
9.497463,-0.69404304
5.9649525,-5.514434
10.928565,-0.98563087
28.277359,3.211054
-2.3361895,4.5186334
-0.60278434,6.39859
29.32107,3.570143
2.8571787,1.144535
18.77385,1.1970032
31.594465,6.232148
6.339584,-6.0786633
14.695767,2.948914
15.815736,1.4207413
-1.7505114,0.20094623
1.9982033,0.35144368
2.5637944,-1.3669926
5.5740056,0.5442275
33.18292,5.367745
36.616547,18.068933
32.921543,10.342304
32.568027,7.72584
2.719246,-1.8218464
16.892878,0.25571445
21.511251,5.8644533
21.26548,1.6789397
-0.30569384,1.2699804
6.2016063,-3.3461642
22.987215,6.6207824
6.0852184,-1.3452967
3.4308367,-7.0810695
2.1352787,-2.2788608
-2.0375104,6.156783
17.409227,4.3591056
4.206387,1.4638485
37.48014,16.456938
37.80717,14.915409
-1.21773,-0.94884634
14.871657,-0.59637177
15.5897875,-0.5304495
15.738311,-0.50976765
15.50991,-0.4339696
0.10502723,2.9668617
19.416302,5.1308947
2.3872275,2.6718483
1.5980041,5.0536137
-0.5555276,0.32598868
37.193623,15.7803335
28.389986,3.4043427
3.7460163,1.6472787
2.779381,2.161808
1.7121294,-2.8774905
5.407541,-6.9665647
4.5439773,-6.358643
16.014696,-0.401203
-1.1055763,5.302178
30.758406,9.249853
34.818645,14.309936
15.317214,-0.57032645
34.350986,11.470654
32.433163,4.56616
2.7672052,2.0092654
28.7056,9.275587
5.576812,-6.839777
1.9612112,-0.84936583
31.541851,10.427002
37.50665,17.608725
4.5467963,-6.306146
4.7455916,-6.2517915
35.834007,15.613888
4.500618,-6.298595
3.650579,-7.0573716
35.95574,13.251387
29.881687,7.0799127
29.361282,9.528775
35.43949,13.440774
2.2826545,-0.12812649
37.87782,15.235348
30.247839,7.9258113
3.8403776,0.5285741
-0.54002184,-1.5534765
6.0291944,-3.685821
7.0728936,-2.4239311
32.751835,11.032249
34.594845,12.863604
1.6324878,-3.1005898
36.769302,13.022741
24.350613,2.4443257
-0.4867353,1.0911545
10.102759,-1.0232779
-1.9326739,6.4518447
6.1900096,-6.5930505
1.830425,2.1186872
2.828793,-1.8177046
26.000875,2.8040633
13.1847515,1.5330585
24.08766,2.5660138
35.423615,13.372259
28.41209,9.138356
32.24271,8.232758
37.126476,13.571222
-2.2394588,5.9542494
36.847824,18.45134
32.105614,8.571072
-0.84687346,-0.6061934
22.173367,1.8516679
-0.3259034,-2.1134639
1.1318982,-4.1374717
27.14273,3.0571728
0.3236573,-2.4278188
10.850176,-0.85880625
18.947788,2.1927042
29.377344,3.4511273
24.19097,2.7785902
-1.0842922,5.733276
-1.6240001,-0.062383994
3.3067472,2.1947255
17.11122,-0.19740687
-3.0443668,5.692147
24.003565,2.3347988
2.9011798,-6.815883
35.814896,14.172053
37.900204,14.862948
-1.6723211,-1.1810563
1.7699018,-2.431492
3.4898953,2.1049633
24.91756,2.9109428
3.3789997,-7.349314
5.194314,-6.9916654
0.5971547,4.0070653
32.859867,10.729321
1.9730268,0.5764245
1.983628,-0.8396691
33.54361,9.6901
12.20148,-0.7536942
1.2979603,-3.9489298
26.976007,8.548843
1.071866,-4.75174
36.526573,16.117517
-0.9392306,-1.7101563
2.5665483,4.1532245
-0.15097138,6.682748
10.679899,-0.42301044
21.686342,6.0459476
4.468928,-4.4455185
2.7359824,-6.7809143
-2.7498465,5.8061523
0.19005588,6.3215528
-1.311311,1.5761789
28.351322,3.4025497
32.977566,6.661219
20.274464,1.07228
28.090895,3.3682702
-3.355701,4.898258
0.7106243,2.6267142
0.79517585,-1.9021208
4.5185304,2.1949992
2.4659686,-1.1817988
25.360624,6.1687846
18.70398,0.5499103
9.351185,0.3240315
1.7925704,-2.4394464
19.0397,3.8108811
1.704309,-2.9735355
-1.3513584,4.4149218
5.7949343,-4.255235
1.9296119,2.7215455
-0.06316039,6.736017
6.508733,-6.257518
14.062785,1.0353683
31.671862,4.3532686
1.9029474,-0.102541074
3.4681902,-6.2630734
-0.87116283,-1.023717
33.084286,6.014097
9.772731,-0.594947
-4.2319164,1.6264809
6.5197477,-0.43760356
7.1979656,-0.2911633
37.791836,17.119114
1.7254906,3.2168603
35.388866,13.785859
1.5818744,4.885673
1.7858369,-0.93664515
-5.0301375,1.4798522
3.7770839,1.0914518
-0.09119174,6.3019395
31.90895,6.834721
1.3774316,-4.599727
33.617367,11.475511
20.875784,1.4491185
26.542469,3.5425537
26.734869,2.9932976
1.6727021,-5.35878
19.642952,5.16404
0.93647677,0.81510985
6.3718486,-6.6553154
31.32317,4.2301073
2.3245142,2.8640268
36.536728,15.71026
23.302984,2.1144137
2.6030822,-3.5264144
5.33658,-3.4839492
-0.5821752,4.216198
32.482204,9.538896
-0.7918288,6.5038905
-1.3776414,2.8447359
25.989498,2.7823393
1.5659597,-4.843282
24.816029,2.4487338
19.269415,0.6831394
15.827723,-0.6160681
0.93799716,1.5101211
3.5454185,-2.9278002
-1.914123,-0.76057184
1.3471224,-4.031896
1.6431954,-3.316784
25.531374,2.660145
1.1162746,-4.0603876
32.282036,7.597859
0.01546863,5.2600555
32.56915,7.039083
29.904295,3.7049415
1.5723886,1.0609411
31.488224,6.3067083
32.934296,7.6544576
2.186283,-5.571865
33.039207,5.519554
-1.1046228,-0.7766893
1.1758947,2.979119
23.60919,6.8599954
5.561986,-1.7822493
32.248127,7.7846684
-1.4199347,2.0223975
22.971811,2.0399475
-5.0389595,1.4887654
32.426212,4.6069717
3.324437,-7.007323
31.56005,4.243069
35.146233,14.361016
28.905823,3.9573681
34.28929,11.20545
31.721088,5.9705825
32.35084,8.145677
26.8792,2.9753773
37.718376,15.6709
28.568573,9.205513
2.0774589,-3.587934
2.3223424,-5.6515656
3.9645925,-5.2507524
2.1802585,-1.3752006
29.605185,7.654136
28.950823,3.3023705
15.921327,-0.61268556
33.168846,10.514507
13.738289,-0.99319637
3.646038,-5.842535
-1.1208737,6.5067544
37.826145,15.785439
5.2956123,-5.3268423
29.300446,9.524569
-2.806088,5.861072
11.392487,-0.47723898
-4.9673405,1.5018307
-0.13906237,-2.313239
29.459108,9.572312
17.147915,4.223507
20.287342,5.5125055
0.54525954,1.6702666
3.2783117,-3.3287678
1.8080857,-0.9380492
-0.6430034,6.7892284
27.535122,8.746508
25.004206,2.524809
2.1891973,3.8660283
1.3894262,-4.254924
-0.41170856,-0.65404356
-0.760673,6.427683
21.00036,5.791114
31.703636,6.751168
28.876945,8.531496
1.2017608,0.4894785
37.26737,13.640166
20.856504,5.737991
35.311195,11.924708
-0.05413529,5.966892
0.124387294,-1.2044433
35.055294,14.315149
3.8111827,-5.0790195
-1.5863743,6.5296893
18.36209,2.791919
1.7032163,4.8705244
4.8556786,-3.9173265
36.1862,14.058874
26.26821,5.961592
1.8189447,2.7644293
1.4276872,-0.9310261
36.574566,17.805628
-5.4995937,1.5478774
5.874762,-5.4273562
-2.4106658,-0.06803654
1.6146061,5.0400076
23.73127,6.945805
30.798414,3.792948
16.761944,-0.033810005
23.477953,2.1801372
24.769503,5.7401776
6.642015,-6.4684777
33.010708,5.0817046
33.98622,12.213007
0.20070842,2.7969928
37.830097,16.622858
31.580305,10.471588
32.721268,6.058251
4.5702147,1.6641303
-0.74392575,1.6381078
1.525677,1.4961934
36.24354,15.110876
1.5786247,-1.2958814
18.249168,4.6982665
0.9191118,-5.003639
21.79239,1.8422933
31.671066,10.536413
-1.6225767,-0.9601265
-3.000455,5.6446977
2.2852538,1.9906783
3.9572296,-7.3063946
2.5992362,1.9307578
11.929389,0.49464026
19.13602,0.75133914
21.702625,1.7341261
0.82792574,3.5769718
16.475086,3.8876295
4.77691,1.6494385
27.48708,3.0854821
25.34159,7.719238
34.29771,10.602684
2.5676248,-6.1764874
24.35699,2.3230677
-1.7253153,-0.5915561
2.1486392,3.1867661
1.5461864,-7.2346797
12.765216,-0.5994824
13.669078,-0.94350874
0.8753386,3.7935498
4.818746,-5.1632576
3.989194,-5.909629
2.924395,-4.024297
19.315971,3.6433303
11.92068,0.104558125
11.789636,-0.4160467
-5.7845054,1.5926341
30.062067,8.445642
12.87873,-0.050606117
10.080782,-0.9347025
3.5506773,-6.723796
-0.017704453,0.7212428
2.3564637,1.6797768
-0.7685537,2.941352
23.016157,2.282429
31.603287,8.417438
28.114017,8.971491
7.8185315,-1.3765658
35.6556,12.928133
36.804234,14.01039
16.782429,1.3970609
3.3942797,-6.3943906
-1.7467284,-0.766425
12.295407,0.38004604
3.138648,3.7756906
1.7981696,1.383544
5.8790812,-4.4287734
36.219067,14.170117
2.0026836,-6.8879213
1.0079551,-4.344186
2.553056,1.3830684
1.344151,-0.54514277
5.125903,-5.376389
3.906479,-6.9118505
-3.0771718,5.509885
0.7511361,-2.402329
32.53896,4.855329
11.884561,0.20435752
17.335436,-0.08919726
11.473585,-0.15472995
36.266285,14.333356
18.616161,0.33176938
9.107317,-0.9383584
2.140607,-4.619534
16.430567,3.855416
25.445057,3.1688385
-1.6412308,-0.2652994
33.12251,8.303905
-3.0675988,4.922917
12.878817,1.7738752
0.99303967,-4.809114
33.715893,9.643284
11.31379,0.018162148
15.403033,-0.5711397
9.264377,-1.0550886
2.440764,1.6824199
17.776634,-0.0058394503
35.10242,11.714804
15.290553,3.370926
-5.6829906,1.5606445
1.4241242,-0.46024308
2.1940203,-1.8019639
28.650043,4.351431
13.668593,-0.754738
2.7374144,0.26274458
2.5515265,-5.520634
24.510674,2.4669118
-0.9181666,-1.870092
18.672058,4.8090434
2.6023095,-7.1553082
31.998692,9.288865
27.806398,8.852901
31.413767,4.264809
28.239985,9.058378
37.391293,17.55643
30.235266,9.903343
30.457582,6.0207653
32.67586,4.754065
23.059557,6.6168714
37.613064,16.674255
33.36899,11.376223
5.635319,-2.8966703
27.268572,8.666779
32.17191,10.765637
22.421846,6.317836
1.9255836,-2.7775955
32.687325,8.3165045
36.57841,17.59928
1.1297865,-4.223916
-0.63567036,0.40657154
-1.1145318,6.335788
36.103,14.7513685
1.7167017,2.280852
-3.3235028,4.976346
-2.6171927,5.115018
36.315784,18.0225
-3.057909,5.1252894
27.835947,3.4460456
20.57824,1.4183438
2.8053455,-6.543572
-0.48765633,-0.6903626
20.325268,1.1700581
2.260039,-1.6188365
14.004467,1.3838521
25.779001,2.6849456
21.236382,1.5932423
-1.6162524,4.279207
1.1248634,1.3855304
1.7817266,3.617612
24.693155,2.7505333
15.348611,0.716401
2.716239,-2.6793509
-1.4202719,6.605392
36.034664,14.9583025
-1.1190073,6.3532863
25.529692,2.5620127
37.298412,13.756496
4.3707643,2.5437255
19.643257,1.2145976
1.0597041,-5.787762
6.5876603,-0.19394766
0.6665941,-2.6224127
-1.5061617,6.41822
29.682062,9.667995
12.634073,-1.1571733
0.7042809,4.829087
1.3261554,5.608668
31.840977,6.7527113
0.43769935,5.764266
13.56268,0.30399647
-2.6456578,5.7462087
2.0952318,2.204502
13.343929,-1.1386279
1.6697457,-3.6848924
0.91904026,6.280096
-0.18821618,-2.1769612
34.562767,11.946316
33.303146,8.688631
33.150806,5.166592
36.361103,15.723941
9.187543,-0.34822115
-1.1023164,-0.7390747
31.974705,8.9414
30.50853,4.623156
28.542877,9.187897
0.34176973,-2.55308
28.325861,9.095987
32.39559,9.461722
26.966867,2.9338882
1.6665032,4.5653644
4.9734488,-6.5185122
16.517069,3.9169667
27.777344,3.1956692
1.370075,-3.4531841
37.334126,13.786446
3.3777218,-4.3563366
2.7546687,4.151196
17.263456,-0.002912743
26.028316,8.058712
21.57667,1.7232401
33.06209,8.238674
24.173738,2.3138204
24.11716,2.496826
29.807484,3.5655987
-2.9430761,5.6705832
1.0863159,-4.3318257
16.02397,3.7033296
20.651001,1.4248492
22.159863,1.817257
18.931242,0.74055976
0.6673549,0.9247621
25.02663,4.5558553
17.948034,4.5903783
-0.23616096,-2.160387
1.7327914,-2.697433
8.074976,-1.3653649
20.902224,1.4780279
29.30945,9.521236
20.373291,1.1802455
0.8659242,0.30262294
36.266785,18.111525
36.19293,15.698293
-1.4297645,-1.3415984
0.93656117,1.8808069
33.02204,8.150147
1.3598809,1.3477107
35.605064,13.361904
27.309353,8.675182
-1.300065,-1.2737966
33.812412,10.509925
23.059982,2.1213622
-0.16366956,5.9430213
6.078044,-5.4416814
35.515747,11.669636
36.995964,14.259774
23.736881,6.760555
36.09,15.054852
16.096115,-0.4839265
23.216118,2.156638
32.833157,7.1738524
4.9477143,1.751053
3.4385533,-6.2511954
36.012234,16.160664
2.6817195,-5.910768
31.07556,10.23262
0.7305098,2.910274
35.871174,17.374195
28.353016,9.112198
30.048214,3.6531534
4.9269996,-4.4105344
17.480654,4.399881
0.5482922,2.3895826
14.74868,-0.5832702
31.84385,8.845176
30.98651,3.9837694
17.385344,-0.22543488
-3.1653388,5.3669305
0.18160728,3.405153
16.62824,-0.5201794
15.234998,-0.90136015
4.8106823,-4.539276
0.7405427,0.6644844
3.5107303,-4.577537
1.9850345,-1.0583683
2.791001,-1.6080257
32.049614,10.671852
2.2859676,-5.8398666
14.802844,-0.84307253
14.9889345,-0.70969594
14.392674,2.7698226
3.0276113,-5.616069
-3.2284198,5.268332
5.102349,-6.4772263
24.051285,2.3090181
16.51069,-0.50745153
29.713015,5.4758635
21.754345,1.6471552
36.75519,13.894213
1.8968551,-6.4219174
3.4996004,-4.2483525
30.469416,8.870802
2.8910832,0.67885554
28.343832,3.271091
23.994217,2.3900874
23.779247,2.1714437
1.7897525,-2.6710782
32.40482,7.0036993
36.021465,17.378334
36.182568,12.597694
6.560595,-6.5498743
34.391705,10.457363
14.374876,-1.1774435
17.273535,-0.13431571
32.191536,9.556454
5.1025496,-2.8209355
23.13706,2.055859
-1.0123811,5.9917283
0.2063432,2.9812164
3.926992,-6.3726497
13.407203,-0.63542473
14.880207,-0.56685174
4.4458547,3.4236417
13.436238,0.19481148
35.906273,17.61563
-0.5698778,1.84849
4.325694,-7.423165
18.629965,4.7889037
3.1459396,2.2645502
1.180131,2.957481
32.3945,4.6430693
-0.9330632,5.4887757
22.656666,1.9736131
-4.152897,1.5965091
9.626997,-0.9626399
18.232248,0.26003626
17.190737,-0.1833043
0.29021552,4.2391157
5.6723084,-6.969194
-3.8041902,1.5906056
-2.8652802,4.9145665
31.23806,7.9748893
12.712467,-1.0811955
12.457955,-0.69740117
25.890272,3.8820572
0.9238103,2.7571669
33.27351,9.715934
13.0013,-0.8092383
-0.3536379,6.4977307
2.1134334,-5.044316
-0.20472166,6.5081277
13.298071,1.1845337
16.8971,-0.32531366
12.836792,-0.6168388
7.329673,-0.30732927
13.083196,0.045207873
37.447124,13.930904
5.3202467,1.901579
17.02994,-0.2871674
31.724321,10.381935
18.657705,0.43614557
-3.4182963,5.178467
-1.3498666,0.17798366
17.780327,0.7515825
2.1593213,1.5795776
15.564209,-0.69147575
17.482464,-0.078678116
11.740608,-0.71592677
17.762442,4.502436
-1.5202599,-0.9196987
-0.54297346,0.19863476
-2.1124804,3.0688343
1.6381669,2.932181
10.606414,-0.5449487
-0.23127171,-0.6829442
13.075448,1.0495654
32.32773,8.801791
11.441061,0.084776536
13.839695,0.34253922
6.556336,-2.9777575
7.924973,-1.5543243
2.7175145,2.707559
-0.7357797,6.37157
26.222948,2.848747
24.565266,2.4353454
18.466606,0.3678513
15.502884,3.3629403
17.41718,-0.057789788
33.760963,11.5165825
-0.9625084,0.5436555
0.11836389,-0.42032203
12.399384,-0.5956546
3.5007942,-4.620421
5.741204,-7.0642214
34.909527,13.170331
10.077621,-0.9697188
16.302193,-0.3906661
2.3213863,-5.6775007
1.2636907,-5.2017217
15.96831,3.6208847
31.189068,4.0169253
3.7474835,3.1026628
5.254683,-4.081662
11.336385,-0.8011943
-0.9686391,6.6908393
2.4670339,0.48111668
20.313662,1.2257426
31.864548,6.7363143
19.85418,1.0318874
22.114567,1.8432245
21.76589,1.7449611
23.343746,2.1627765
4.0006356,-7.060159
1.389317,2.1371374
3.3568823,-3.9314284
2.1097026,-2.3669949
32.6549,8.438907
1.4938619,-3.6350608
19.238262,0.658613
-0.8411202,-0.6285218
2.4579835,-7.0148654
-1.5124342,1.6318946
18.351234,0.4341406
29.819857,7.9642453
27.21629,3.034805
11.880047,-0.10423623
9.563155,-1.0619317
36.39314,14.93245
2.2043083,2.8328109
6.746274,-3.0946398
6.4112086,-5.8717933
28.071148,3.185373
37.64355,17.535439
-1.6210322,1.7305521
26.84454,8.498497
0.64744955,-2.100964
20.13541,1.0033422
-0.14921042,4.77979
5.0967617,-7.0133915
23.076576,2.5553803
32.82455,5.5588336
6.5399256,-6.057998
35.853455,14.745501
19.670782,1.5248569
14.642198,-0.95747817
2.1038492,3.771139
0.16349319,2.6267645
36.692886,17.344275
12.906852,-1.1554109
3.2154016,-4.799224
-1.267452,6.3176694
36.216778,16.739437
1.8424869,1.1729926
-0.61954004,-1.691248
24.891726,7.4954944
1.47451,-3.4638424
4.2100887,-6.3638844
1.9108441,1.9161941
5.015721,-7.1352515
4.75818,-5.322482
0.41785434,6.1452427
0.5373872,-5.6270623
25.389668,2.7099442
28.270285,9.057308
36.09656,13.763577
2.2413187,-1.8211826
13.1459465,0.98370755
12.93274,0.9876903
12.493569,0.93324935
13.950346,0.8355428
0.7542394,-6.009497
-0.2706885,2.5738106
6.375959,-6.673327
-0.11871621,-0.29966268
2.1401496,1.2659935
14.690097,-0.7666155
5.5883603,-6.8426447
27.931566,3.1247387
4.3597913,-6.1000786
-3.3317106,4.9852986
24.14303,2.4432144
6.4447327,-5.615412
1.0959709,-4.015182
2.5423362,3.5074294
-0.6170141,-1.8733448
14.612094,0.36747232
15.144154,-0.6921432
0.9432679,3.6002562
2.625489,-6.54763
32.215813,9.479301
24.34841,7.2271876
6.514053,-0.97783244
-0.04550716,-1.1065971
12.780777,0.79577315
13.794321,2.3649886
37.95202,15.352092
16.483624,3.918635
30.150213,8.5624075
33.550674,12.104044
12.01631,-0.5534724
6.7991314,-0.83059895
6.4233356,-6.4283347
-3.8406177,1.2744772
30.247341,4.9810143
34.89029,10.817467
1.2985811,-3.9491334
16.076303,-0.41068146
14.532121,0.65833426
32.49056,4.7475467
6.4469714,-6.541124
35.43514,12.29128
37.984158,16.832668
4.0299726,-7.4883485
36.32046,17.800652
32.23622,9.956414
2.7113454,0.55855644
1.0484974,-5.240754
0.97771794,-5.552114
37.261147,15.08452
21.57969,1.6713942
13.588249,-1.03272
37.74844,15.359878
3.891296,-5.1353545
-0.99426836,1.5042847
-2.8509045,5.8548846
13.8872595,1.1198729
24.163744,2.3310356
13.571344,1.229144
13.321667,-1.1487447
21.910507,1.7866812
21.577595,1.7105616
22.144932,1.852193
0.6781319,0.85695183
23.887098,7.0358233
-0.4905183,-0.2172061
0.56347114,0.114942685
36.32489,17.507898
1.6151595,-3.0462406
1.012157,3.376114
2.7885113,2.3876662
20.534437,1.4728043
3.015727,-5.53954
0.46571162,6.6361256
12.259778,-0.019451959
24.489216,5.497606
2.395014,3.3378448
19.031157,4.914844
29.309801,7.503793
33.781437,11.506512
6.369989,-6.3977714
-1.5567529,-0.7163985
34.368034,12.612094
20.264313,4.8015356
29.162258,9.3819
3.4934294,-0.3905519
21.139832,1.5603137
-4.4341607,1.280718
8.051824,-1.5289053
1.2377889,-4.6574154
13.356439,0.81783855
12.514139,1.0032881
15.525251,-0.29076537
36.353283,14.852568
23.777967,2.2189622
37.238262,13.607917
33.398884,9.148316
17.67808,1.1111821
-0.74847597,1.4002311
1.2111001,2.1995902
13.061167,1.9668435
35.67629,12.297571
26.477703,2.984316
14.116937,1.6501526
1.426239,2.2533903
31.9723,10.650545
5.337649,-4.364416
26.401115,2.8854687
-1.1041138,-0.023439987
-1.8833268,5.940574
32.050243,6.384161
1.3464658,-3.9889557
1.118686,-5.0301223
5.9523673,-0.636119
16.221024,-0.30206642
3.9277086,2.3193567
4.948414,-4.4003263
1.1035392,-0.8489171
5.57061,-5.389013
6.122237,-4.1592207
30.17116,8.408989
4.785813,-6.4714713
32.869053,4.908284
6.3831797,-5.987228
2.889052,3.4305239
3.7890882,-0.835261
17.092918,-0.15847443
27.071495,3.0090418
28.59844,3.3131685
15.508283,-0.5220424
33.56493,10.211736
1.144784,-6.3415513
1.4285436,1.2751863
4.0089316,2.750248
-1.6047201,-0.117540464
0.9124511,-5.121863
0.31130603,2.8961766
37.76173,16.748528
1.5048618,-5.9545183
11.611238,-0.66527164
3.2276344,-5.8975472
0.4750996,2.7510474
13.643586,2.0369124
35.300655,14.543045
26.906677,2.9392505
18.628792,0.2955568
4.9477816,-5.285025
37.329647,13.738279
-2.8242636,5.8329873
19.751179,1.0825764
32.862938,5.1894355
22.761753,6.5161157
24.916414,7.3902335
1.570205,-6.80594
-0.23201057,-1.4144835
37.95121,15.156424
1.4483187,0.5824832
29.932323,6.7383943
32.715252,4.9110484
31.87265,10.618418
31.849302,5.57052
3.7086377,-5.8864236
30.684193,5.993986
4.8234196,-6.392445
32.960613,7.5684624
1.3479509,-2.4902902
14.107665,2.453876
23.93039,5.401866
-1.435509,1.5523583
2.529552,3.2454302
6.5148473,-4.2464933
6.614922,-2.7094772
1.2449961,-5.642016
11.600601,0.8543674
36.215908,18.118153
35.36545,12.277064
5.197318,-7.209413
0.9157415,-4.0414023
-2.6455374,5.739078
28.0742,3.1632237
5.8248153,-4.655194
7.109624,-2.4878612
-2.9997878,5.6251397
0.69640523,-0.28664836
2.421457,-0.023615463
18.625786,0.4574695
11.876366,0.80677116
11.111536,-0.5976652
17.944458,0.1635461
1.9994807,0.73618567
9.712564,-0.951085
32.21528,4.6740675
24.533035,2.7358556
4.749292,-5.2358885
37.37222,13.923982
9.604669,-0.82728493
36.357338,12.702849
20.18631,5.420829
1.1690333,-4.925588
17.858927,0.13245286
2.1777613,2.455761
37.59135,17.5289
4.5030785,-7.1230617
17.170874,-0.1613215
7.620057,-0.6035975
29.028957,5.9913874
5.8745966,-5.701201
2.3090105,-6.7745986
32.656578,6.253841
33.64372,11.2721615
19.646423,0.9040964
23.301619,2.9142885
1.5254507,0.53524005
6.7866597,0.22516955
-0.76661557,-1.960806
33.02816,5.045463
-1.2240341,-1.4146451
11.66319,0.43212047
1.3287878,-5.6214347
37.52564,14.077875
-5.911033,1.6398674
1.5685444,-0.107764825
2.6129882,0.40360656
0.98243505,1.548755
-1.266547,1.4805361
36.63328,14.869537
4.4291434,-6.9206243
6.473611,-6.589811
34.128223,12.110827
6.671107,-5.9878535
36.589104,17.778816
35.940796,17.700783
21.543041,5.997755
1.674037,-2.7138972
36.472263,12.687289
0.87669736,-5.435482
30.183372,7.2825828
21.896845,1.755601
19.15659,1.2247204
30.970764,9.405777
28.700453,9.264307
0.7362421,-4.9558635
0.63941914,5.5786757
0.3340235,1.5043584
-1.1226742,1.55
37.47002,13.984131
29.774202,7.6647325
12.593602,-1.2058462
12.956438,-1.1890072
16.011683,-0.47112188
0.95064956,-5.064923
37.74906,17.22575
21.259312,1.918286
2.5173979,-2.3896792
1.5126626,-3.0020287
12.678187,-1.2245578
0.949359,-4.241032
15.503961,-0.5441731
12.903779,1.3638295
32.964756,5.361375
12.972313,-1.2746688
7.15493,-2.5046742
14.258851,2.5533803
11.864822,0.18976678
23.676817,6.9146686
12.399717,-1.1605505
31.043232,7.62955
2.865595,0.20064034
24.068705,2.3335125
26.69568,3.0347323
31.365404,4.2312813
11.502036,-0.68645465
1.3609345,0.06310262
3.6862528,-6.721059
30.604622,3.8551757
31.726856,10.530266
22.248959,6.2661653
32.81627,5.599774
16.92816,4.153149
0.7167421,1.6876329
33.217613,5.29698
26.80392,2.9004335
2.4865088,-3.529926
28.703945,9.262436
1.8647313,-3.6505575
2.3031468,-4.138353
5.831331,-6.205541
1.9063978,0.24524464
1.744839,-3.7544298
12.6279,1.5590214
29.884628,8.05877
1.8119588,-2.1584063
36.40662,16.473186
0.048550162,6.3444657
13.888267,1.4500004
18.595541,4.804691
37.717762,15.778551
3.7428427,-3.8089397
32.396576,5.8321385
-1.5950019,6.3880324
18.256048,4.7194366
5.2423186,-6.881202
-2.1338918,5.267306
15.412555,3.4373617
5.6884947,-0.30692825
34.642254,10.99833
17.956617,4.599131
36.616375,12.904408
-0.0028700503,1.7378031
3.1997414,-3.0517693
1.9007301,-0.95347536
17.940342,4.6079226
29.548084,9.46731
2.148906,-2.199307
34.930332,10.8942
1.5836761,-2.9967036
14.3289585,-0.008004053
-1.6499596,5.8723187
2.6563847,-5.769626
-3.2749267,5.2539687
17.16933,-0.04402028
37.05715,13.352241
0.7383557,5.715651
35.295994,14.499514
-1.0132799,6.1070538
6.854167,-0.8582777
29.790815,6.5317492
8.513007,0.08024229
2.2406156,4.0931635
4.815352,-4.1085415
37.581066,14.348941
22.355536,6.263406
1.558095,2.7586958
1.4179451,-4.153806
8.1894045,0.30202046
-4.870136,1.489643
32.655594,10.799932
32.185806,5.5824375
21.064854,1.6002389
37.375385,14.9692135
27.994474,8.941996
-0.048725095,-1.8508799
36.471264,15.04624
1.4698606,-5.2502027
0.48428705,0.31614652
35.87293,16.906345
36.276558,18.203938
14.51731,1.3106316
-1.0462422,6.3814597
29.43719,6.2271953
36.069275,15.575797
0.65269905,6.2387834
17.419563,-0.23866819
14.897173,-0.8672761
18.954754,4.967435
4.531498,-6.3445077
17.553804,-0.10225354
3.4545376,-4.64726
0.9584041,-0.67034066
14.03927,-0.78034437
12.171867,-0.516605
0.2114034,-0.5666748
3.1019666,2.8586597
0.85783774,-4.8881154
-0.8095829,5.092973
-0.618282,-0.9262637
13.685054,-0.19479166
29.440866,3.5050097
2.0610607,-2.9744945
-0.6428775,-1.8236656
22.139568,2.0787585
30.470385,3.7596323
16.789522,3.6876068
11.709505,-0.0137494635
33.572987,9.167871
5.150596,-4.1962137
2.2668364,0.9491774
31.701557,8.697454
25.392237,7.1076646
-0.35426304,-2.0304537
-0.75706047,1.0317773
3.0260978,-6.120772
15.400613,-0.8774377
30.968567,5.8314075
5.0850697,-7.092345
18.452421,4.787396
17.002909,-0.44122717
30.77728,3.917338
3.3909502,-5.437446
23.259647,6.735027
21.7465,1.9094151
33.067665,6.1380105
17.043564,4.1940684
3.0662374,3.3920045
31.319075,5.9630127
2.7676733,4.020563
4.357859,0.6047007
34.904156,11.3834715
2.5037577,3.9044962
-1.7026322,0.6171406
33.155415,8.518509
1.0669055,-5.9492993
3.050616,-5.484755
6.49243,-6.1626215
5.5799932,3.1224048
17.316856,0.6428343
0.05173782,6.0344367
29.297094,3.4930692
12.175904,1.1842297
6.078919,-5.512762
-3.0996175,5.4734287
2.0175838,2.4211311
3.3373866,-7.231847
26.650768,2.852959
10.317982,-0.16249858
4.7047267,1.6503099
11.565289,-0.115577325
13.570722,-1.2676007
9.463505,-0.6839839
0.15542892,2.3165479
12.081671,0.75409496
5.257357,1.6009592
14.623349,-0.77144396
36.083454,13.514299
3.9842174,-6.599112
35.924927,13.159506
8.772584,-0.9882475
1.5912032,-7.253616
3.713665,-5.7385235
1.2226863,-3.7856343
11.613005,-0.12146555
0.7451816,5.281262
12.64041,-0.6463226
0.44121793,2.7173228
2.6202168,-7.546413
36.719513,15.108564
4.3219495,1.1040031
10.11816,-0.75190485
2.036155,3.2478292
-5.8655753,1.6528686
31.484072,7.5260653
1.7394502,3.074532
-0.25824878,-2.1783423
4.919457,-6.0232663
1.9083216,-5.8509216
19.170662,1.001927
1.9818866,-5.695114
5.3794074,-3.8465257
34.60092,11.951149
1.1904986,-1.9562882
1.1758084,-0.941074
36.3652,15.515594
5.441832,-5.494021
31.214521,9.854847
30.759602,3.990096
5.8741693,-5.5424795
1.688288,-3.1859632
21.189814,5.7570662
8.883427,1.9868704
21.5743,1.7064055
24.107178,2.696565
25.412346,2.7051156
-3.4446812,5.0889554
3.4513412,1.1634732
2.3861706,-0.11228238
18.0374,0.7877699
18.860325,0.8884492
12.71318,-1.2004815
-2.048506,4.9113092
-1.1610653,6.1913333
-3.761519,1.598647
37.675003,14.387087
10.599879,-1.0588859
6.1581025,-0.81195676
0.43857315,0.14532675
23.206621,2.1396027
-0.445878,0.52094305
-0.28214785,6.080525
27.175175,2.9752922
23.657778,6.866615
16.902058,-0.19686554
10.430857,0.13488044
-1.4438639,4.8717685
4.119531,2.9389267
2.8202713,-6.552186
36.861324,14.09124
16.541302,0.017315285
16.981419,0.28425613
15.992711,0.2659308
13.6527195,0.9410604
8.520599,-0.54127514
24.604633,2.380368
-1.1753042,6.4128838
3.349987,3.7011347
0.19927266,1.9267589
5.737187,-4.6479745
2.5363665,-1.4351012
-2.491319,5.103992
20.870132,1.4681451
0.96382695,-3.0258012
7.14016,-1.0258917
11.1677065,-0.8969351
17.629013,0.38260522
32.33819,4.6005135
0.41376594,-2.0618916
-3.5940738,1.340388
0.2302356,5.729343
15.465787,0.5381466
-0.72036237,-0.6149906
0.5749977,-2.0903742
16.7418,-0.3729131
5.7500477,-5.7834964
2.0946205,1.4909213
3.6160028,2.7333007
23.047215,2.0589855
32.141323,8.240375
37.845516,17.124893
23.7735,6.9356446
6.329591,-5.3140397
-0.7271125,1.4759334
-5.404646,1.5318044
-1.6095176,1.9504429
24.5117,2.8820384
0.18346122,6.2900352
3.9755523,-6.7662444
16.962976,0.027404921
-0.58467644,-1.8841649
-1.26795,1.5731114
33.623882,9.39491
2.5967968,-2.9052315
16.510798,-0.1120926
31.60578,4.5332656
8.20435,-0.30229887
31.293488,8.443942
1.2775941,-5.476551
30.583212,3.7989287
1.3826034,-4.818727
22.526928,1.9566187
30.034552,6.0211253
16.474203,-0.22372948
37.229374,16.670513
19.749752,1.2711837
7.3137193,-2.4707556
1.1829996,4.1517544
11.433891,-0.89941585
3.85241,-4.767128
19.43585,5.1147976
-1.4642959,6.264684
28.903671,3.380717
0.54271084,2.0974379
28.736399,7.048938
28.075706,3.2959526
15.608895,-0.8650259
15.3741045,-0.98094475
16.19414,-0.75888705
9.505864,-0.64558446
2.459167,-3.4013646
1.1164086,1.3720824
-1.5609186,-0.5553112
2.6371322,-2.0714393
2.9901059,-5.8758264
22.22913,6.236464
2.5900497,-6.8568835
26.063395,4.615974
9.118737,-0.674055
33.28392,9.042056
0.67902046,-2.1920018
18.714659,0.43873277
13.437726,-1.0796663
34.145187,11.101709
5.7871556,-4.3079376
28.31177,9.091379
14.336823,-0.5369388
30.67387,3.8791862
34.615448,10.637252
27.966393,3.4073076
2.29115,-5.7295384
1.4801188,1.5104558
35.456333,14.767681
1.3052113,-2.6886191
34.528656,11.512819
31.54348,5.411055
32.417953,11.077729
-3.3198137,5.00195
25.888653,2.7676008
15.077895,3.1608245
18.35284,4.716361
22.395092,2.007115
20.862091,1.718103
-0.6084437,1.5002075
16.393476,-0.55084765
3.475518,-2.002097
-1.2887752,0.01779546
25.613857,7.6281495
29.597027,7.6044655
3.250523,-2.9648237
29.688229,7.7072277
7.6892304,-1.1436232
1.3917897,1.2844036
23.757576,6.92697
0.7168036,-5.3946357
3.5035615,-5.9911113
10.676427,-0.97867334
35.446873,13.648841
0.7554303,-1.4059001
-2.9496036,5.665496
1.3369191,-2.2720757
2.5945177,2.4642677
9.355498,-1.095724
26.42057,2.8368587
29.755033,7.177116
11.179848,-0.13035618
13.20873,-1.3051039
13.504764,-1.3282384
13.456742,-1.3334624
0.7137781,-4.4080005
0.7974039,2.3924851
12.178245,0.71272385
4.5182014,0.7924017
-1.9558089,6.1025496
36.89725,13.175933
33.262405,11.282274
27.678534,3.121781
1.3531542,-3.2043424
-1.6601205,-0.95960534
30.444672,5.217699
12.250933,-0.93305075
-0.5005433,5.8072305
6.008238,-5.7633204
4.783766,-6.1555576
12.257962,-0.562194
23.112068,2.2107844
28.20315,3.2238927
35.5637,14.02333
-4.612224,1.5133299
-1.0254848,1.099212
32.260212,6.6396313
25.603745,2.6777594
4.949003,-7.0534387
-0.12180087,4.6052833
21.755497,6.032751
1.3848157,-5.0750012
35.60053,11.872174
36.43872,15.717078
11.8048,1.2187976
0.8381749,-5.0636396
36.775715,18.249496
3.5520875,3.4620695
5.7541695,-0.23388611
17.265825,0.74438715
36.89172,15.888923
-0.53860253,-1.898881
31.056805,10.238807
7.2249975,-0.8829855
13.700439,0.5084127
24.48974,7.2930503
4.405879,-5.2697883
3.7336469,-6.244084
0.1836653,1.2190908
2.0259378,4.3845086
31.576803,10.482111
12.865472,0.45009986
13.320281,0.2775251
13.242162,0.29250064
13.596611,0.13014592
22.199308,1.8561033
1.1890397,1.0379304
4.146273,-5.045454
2.4104009,-1.4773198
0.14688352,-2.3793979
1.3778908,-5.343023
1.6279488,-2.6459312
5.4867263,-5.8247194
13.481752,0.3084158
-1.2983289,-1.0264078
25.514706,2.789651
3.8947442,-6.1824145
-1.3187153,1.5332817
5.1023316,-4.7065015
13.045714,0.38525024
35.745342,13.213922
-0.8044476,-1.8863055
18.627205,0.52074105
11.355318,0.1471764
27.155317,3.0456405
1.9475913,1.6053115
33.9806,10.218751
30.650259,3.9918616
0.75273234,-2.5484617
16.718456,0.21977676
3.4580243,2.7271361
36.54845,14.451713
29.011179,3.459365
11.24586,0.032765284
3.5256095,1.7246383
19.369705,1.6619002
34.077293,11.70844
9.476598,-0.9469303
27.344364,8.211522
37.02253,17.358301
23.520163,2.206546
13.897644,1.6496927
11.07909,-0.81668484
-0.5962712,-1.4868244
2.6936276,-2.2128944
36.622555,15.169516
2.183217,-0.81306136
33.234512,5.507955
15.025709,0.33513847
2.4146507,-0.8677076
1.8564856,2.709859
-2.4826972,4.836181
13.795824,1.3111552
1.2318659,-4.3422475
13.426801,-0.49823937
0.023786578,-1.7847826
-3.3494291,5.1045833
36.229504,18.085138
0.38817218,5.7231193
34.7644,12.322646
11.6207285,1.6277398
21.3096,1.6259205
-0.84128374,2.5605965
0.84176165,6.034541
13.801737,0.98572266
13.129824,1.1609763
0.4736834,5.898606
-4.0486083,1.0595707
-1.6404436,5.8769145
0.12733272,2.7338762
1.2134473,5.6650653
-0.24411198,-1.4690611
1.3424909,-6.183056
23.949831,2.2795806
-0.43507645,2.4826632
5.0195727,-7.1691976
1.1103411,-5.1399903
0.07280591,-0.38568553
13.253502,-0.016142232
32.384457,11.076065
14.168083,-0.8809475
17.145536,-0.1395639
-1.2948697,2.6438246
3.010984,4.6085753
1.7469709,3.9569438
0.1763492,-0.5638447
17.302212,1.4105939
15.738938,-0.86078167
29.73431,7.708862
5.3254957,-6.084025
13.796682,1.0751697
3.9292476,1.9501714
15.509586,-0.93415344
25.224096,7.602518
0.0022206632,1.9477031
35.020054,11.05736
0.7520028,5.20125
2.148001,3.3246818
7.668197,-1.4376043
24.291645,2.4507172
4.680286,2.3093436
19.74494,5.2153244
30.977324,10.201784
0.46859077,-0.3948191
32.257797,4.667816
4.0561137,0.29849854
15.783013,-0.8618803
32.49001,10.820483
33.242558,11.711918
23.48122,2.1985743
22.46484,2.2867744
30.18817,3.993987
5.0740123,-5.2257185
30.635014,10.081028
17.281906,0.26946965
18.98667,0.85912687
20.014896,1.3431184
10.858296,-0.40788922
2.3967166,-1.6049935
0.18279532,-1.9515897
31.149967,7.8108196
5.2686124,-4.913094
0.94692975,-0.16372381
0.028840575,6.1223717
10.865242,-0.8559371
23.625084,6.848252
1.3268178,-3.5215614
32.95534,5.725179
2.5029957,-4.4708104
35.965847,15.253833
1.6843662,-4.675914
23.202436,2.1316223
29.085716,3.480675
6.4822106,-6.0281873
-3.3599145,5.218159
36.228474,18.119513
-2.9499273,5.540034
8.892838,-1.213833
23.488667,2.1531339
2.1914537,3.8315902
0.9298702,-4.516852
2.3118544,-1.5861834
20.904303,1.5146688
8.842388,-1.374081
14.796065,-0.79246247
12.362983,0.73039687
12.367304,0.69517434
12.685777,0.5586232
1.0091982,1.594224
4.370626,2.4663575
28.367966,9.121007
2.8633344,-3.5830536
-0.5715861,1.5594383
15.415477,-0.96608865
4.858909,-4.3211036
9.807513,0.019890206
0.48235014,-2.7067142
14.415115,2.2438726
1.7351251,1.7661151
3.9690456,-2.421905
0.32807568,-2.237441
1.4338231,0.7905313
-0.09654638,-2.1219945
26.116041,3.35068
2.0239468,1.4428641
2.3128877,3.7312832
2.9431102,1.0414832
36.172688,15.926689
3.8585844,1.7893225
13.712962,0.52337205
-1.0389884,-0.063443765
37.76225,14.747435
11.038278,0.8867799
4.765728,-7.256633
1.6100273,4.2174115
1.3445687,0.89378655
6.3485603,-5.334193
4.851403,-4.4021754
2.9099655,3.8425205
4.4145775,-6.011773
28.47944,9.171146
-5.8416038,1.5952328
24.820734,2.432591
-1.0474205,5.3371205
13.192431,1.9130948
33.02878,11.346912
12.494756,1.0971693
37.902702,15.89631
2.052037,-2.4074335
2.4503107,-0.035765275
1.0139289,-4.702316
7.4465218,-0.90321577
1.2900507,5.482772
19.8052,1.2457775
1.8647068,3.5999112
-1.389483,6.2266
-1.0960526,-0.94773626
1.8906496,-4.795637
12.906242,0.9154223
3.4359584,1.588559
36.315937,18.085758
13.674278,-1.267711
12.561989,1.5884005
-3.2993927,5.2727447
0.9110094,5.642889
18.589502,0.26879182
-2.1725407,0.2197292
33.054348,10.284734
-3.921341,1.6422567
10.84303,-0.60298836
32.75006,5.280347
25.108782,5.0779157
36.229725,16.856354
33.696968,9.656559
9.723388,-0.41302165
18.947693,1.307797
35.94407,16.4731
14.364267,1.2216657
12.004593,0.7190896
26.726818,8.452436
11.865149,-0.40294394
-0.49920532,6.0775743
0.36100534,6.302763
1.5476401,4.1625276
2.155686,-0.38467368
6.3265996,-5.691001
36.27683,18.125118
3.5614305,-6.840243
1.9440968,-5.404008
14.817111,-0.429926
2.295405,4.7526107
13.751464,0.80001414
4.5892506,1.077917
21.688398,1.7842968
6.321,-6.4890428
19.069386,0.5013377
5.479448,-7.274448
32.05956,5.2155485
18.295395,1.3137214
27.777987,5.7122316
0.17055395,-2.303703
32.9664,10.678942
20.177471,1.2863442
1.8799384,1.2223381
0.084147006,5.5101027
-5.8244567,1.5874037
-3.7993007,0.76669395
20.116829,2.013543
9.050354,-0.7322575
-1.3327656,2.4796686
7.4171915,-1.7010983
17.457726,0.68555105
26.777372,8.486161
20.90045,5.722607
1.2296922,1.7300407
-0.09719464,0.12267126
37.762302,14.729224
24.706266,7.3951535
23.802925,2.271737
4.6024323,-6.4639177
24.386703,2.8641777
38.004597,16.36678
3.327869,-7.0474343
1.0365424,-2.251337
17.055515,0.65302145
4.6711836,2.604851
-2.0323813,-0.7015711
18.660078,2.2454536
8.261407,-1.1970836
36.42815,14.83341
-2.3284373,5.2445817
3.8454642,2.883482
34.783466,12.841278
5.933431,-0.7922188
34.41214,13.049815
37.12003,17.493353
31.532408,6.6233125
3.8464074,-4.4095044
0.7067099,-5.08894
-0.301954,-1.1596448
25.094543,2.5181022
28.9942,3.3514724
28.332426,9.104876
29.149197,8.929216
-1.9271789,0.22291256
8.442267,-1.2800812
0.9155672,-6.3428326
1.3985379,-5.3063264
5.051008,1.3552698
25.081127,2.5495334
5.7427745,-5.3579764
3.5989842,-6.695978
-2.9196053,5.6338477
27.443802,8.724709
0.052065883,2.189025
2.4218452,1.2774706
14.618292,-0.6186465
15.1782255,-0.9256705
14.442288,-0.49131784
0.024027858,0.7637714
36.131,16.398266
4.6300244,-6.047642
23.91088,2.3395362
0.18262199,0.07371892
24.760075,2.894836
5.848376,-6.8371816
-2.2838988,6.1697173
1.1359384,-4.259379
15.158747,-0.5702368
0.98599726,-6.1025996
13.507462,-1.2374209
5.8340445,-4.429155
1.0116594,0.8936924
2.167929,3.0184364
14.017727,-0.42708644
22.122284,2.2325907
4.332124,-5.068896
-2.0165117,-0.54351616
37.48119,14.093303
4.8983874,-5.4024396
0.7134281,-2.3443756
1.4211178,-3.8599353
28.851141,9.321352
-4.1724057,1.2044508
14.558013,2.8561459
21.568584,1.8497871
31.524334,5.154173
8.225037,0.2243277
3.9361706,1.5619708
0.55942756,1.184352
14.763446,-0.6516031
6.26859,-4.833173
6.434101,-1.4653946
31.19687,4.328332
-0.28490993,-0.18237744
0.0005431501,1.9097357
0.0045636026,-2.1731663
4.0393753,-5.5726347
3.3204823,-5.743511
1.433243,-5.6019344
29.822521,9.735615
2.7039518,-5.9164214
35.885296,13.040175
37.03052,18.095104
37.25979,16.645239
17.794325,0.03281285
18.84313,0.56614673
30.70603,3.8644884
4.9031687,-4.986158
4.1362576,-6.8219733
25.955732,2.7447834
10.900813,-0.05627714
15.574745,-0.53641
16.2882,-0.50669587
2.2470315,-6.010262
3.9775345,-1.5857917
11.761346,0.24379934
15.823715,-0.25289783
4.534087,-5.5930486
27.096752,8.597593
2.2625504,-1.0228487
16.32899,-0.49082145
14.704809,-0.63873875
10.105981,-0.81720626
1.7699912,-5.5837307
16.510742,-0.42458686
0.3748341,-0.05400525
27.437449,3.1129851
26.183199,8.148548
13.479119,0.6126963
3.7126358,-6.0003123
7.7553244,0.16048683
2.5274282,-5.4095807
26.337524,8.269493
0.59495646,2.185164
4.2158513,1.3748587
3.663618,2.4551659
19.927143,0.9699077
18.570278,0.8311199
27.056175,8.602804
4.0122933,1.4780353
34.13766,10.32599
3.2409554,-5.6654596
35.47267,15.587876
33.54237,9.544972
14.856224,0.9522215
-1.734771,1.754806
-0.74780434,-1.7524041
2.6102035,-5.143633
2.6221812,-4.6472764
36.120544,13.869841
9.758537,-1.0647336
14.966056,0.111995116
12.475032,-0.067108735
37.84775,17.12395
6.222365,0.8850478
10.732161,0.7573663
0.99313146,-0.9862665
-1.9664724,0.66492903
-1.4059365,1.0550617
16.910484,0.44094065
22.312048,1.9307104
-1.018964,-1.2996774
37.8567,16.24406
8.782173,-0.050186023
13.560649,-0.28050932
37.487667,17.957481
-1.6765027,-0.8261752
26.11696,2.8034515
37.46175,13.979773
-2.883096,4.7919765
2.7478971,-5.0380745
32.471115,9.955123
-0.60239834,-0.7486042
13.258375,1.1335136
17.317783,-0.1710894
3.61862,-4.632829
26.750027,2.9010158
-1.9937272,5.4251475
22.167337,1.8723592
34.666336,13.089206
22.827286,2.0535717
2.0215073,3.3605185
25.733767,3.168133
10.475825,0.034935847
14.603065,-0.5706903
12.773577,0.8888992
3.5903366,-2.0182579
-0.8390004,2.2326531
3.4435163,3.6092184
6.280717,-0.87302935
32.23194,8.56048
2.793904,-3.6906319
13.994258,-1.2127644
20.859436,1.5246947
-2.9559588,5.522536
-1.1393175,3.9823408
19.099648,1.1797214
13.202928,-1.3250207
6.2652464,-0.85287774
4.7003784,1.2558829
20.751917,1.5152266
1.7324278,3.156476
1.0853806,1.6250211
-1.6862955,2.004317
0.3117986,6.257778
20.376213,1.1333228
-3.2987247,5.056518
21.553429,1.7440051
27.82586,8.878075
32.77374,10.824976
7.150736,-1.5144864
-3.5224786,1.5400033
0.9454611,1.1821285
30.835314,4.024447
24.938059,2.8942213
-0.49844095,-1.1626242
-1.4936259,-0.7055763
33.015125,5.01056
0.5019708,1.2813015
5.4440503,0.672263
-3.3553596,4.9577575
11.480961,0.07111706
21.62242,1.7253357
15.614518,0.37570742
11.465522,0.86104596
-0.0152234705,1.3323696
-1.4155145,-0.33154866
11.741815,0.24516763
36.13087,17.961222
7.220663,-0.3780938
28.858742,3.4022222
37.93324,16.44978
16.35236,-0.71759653
0.69179827,-1.9376065
35.647816,16.031647
2.0605981,3.3311248
1.7890947,1.0037133
18.93565,0.76089144
-1.7903464,-0.62596977
36.090412,13.737551
14.228733,1.1314403
0.023586784,1.1063975
12.584967,1.4640832
32.630165,6.620522
0.7310677,-5.369756
2.1852415,-1.316213
2.4624472,-6.6420326
35.89264,17.412071
-1.6789856,4.4210615
4.2941227,-5.698626
-1.4074733,6.4144382
1.6900327,-3.6347928
1.919884,3.2042367
7.193489,-2.5425951
2.0115125,1.5981036
2.4559155,-2.4100597
21.30641,1.615275
21.28043,1.6070446
21.632381,1.7162749
22.522057,1.9566487
37.318302,13.71632
2.1581628,-1.0086344
5.9226074,-5.748377
14.307028,-0.8223978
-0.38303325,0.12109126
-2.7071638,5.50381
9.529034,-1.0336016
29.947989,6.928336
2.9880924,-6.8683095
-0.6777529,6.3312173
15.352314,3.2532473
1.9238219,-1.427689
31.297274,7.6490617
27.042091,8.590466
23.73747,2.2764156
1.1178663,-5.4042635
1.4544239,-6.912026
15.330449,3.153647
33.25475,8.436203
15.694143,3.3124986
3.980064,-5.4661503
33.80561,10.134412
5.7373414,-6.8594894
3.6567404,-3.1165571
22.238987,1.879446
33.12481,9.77666
6.514365,-4.9209657
-5.261809,1.497619
16.008184,0.9387549
22.01901,6.162504
34.461918,12.877949
1.1317229,-6.0028944
-4.3494887,1.3153819
4.625517,-6.1639977
32.488453,6.48853
13.472969,2.1792407
-1.0721009,1.9595051
2.516192,1.3142837
1.6741257,-3.884743
29.286211,9.4893055
37.82797,14.799987
1.749155,-6.8841796
31.499517,10.400748
34.302143,11.774465
10.057505,-0.7315165
24.244017,2.3623407
1.3682277,-3.1625433
37.783367,15.516101
1.3907537,-5.7637286
29.602015,5.97281
21.78431,6.0467453
17.986048,0.32245556
13.129953,0.7872008
29.321302,7.2047887
25.563152,7.809848
-0.57908577,6.308167
27.514986,3.1844628
18.278988,0.17869247
32.256794,5.8805056
21.128986,1.6714808
16.33702,-0.42512164
17.74353,0.20429541
17.752281,-0.062421784
18.255424,0.17372848
17.016573,-0.38672444
6.6870265,-3.3108587
-0.574918,-0.14485846
27.200224,8.634878
4.2801757,-1.1919142
2.5995977,-2.3856122
1.2823875,-3.7292938
1.3732696,-6.591906
0.26820615,3.8752913
17.986473,0.052998796
2.1955018,1.3110963
14.752696,-0.5781733
25.196747,7.6435437
14.27202,-1.1933872
19.953762,1.3483533
2.3686426,4.073461
35.85622,17.43196
32.725563,11.052694
6.0645432,-6.071302
3.5520298,1.3649172
33.364895,10.593908
4.4715133,1.0537046
18.805153,1.6291633
14.393043,2.7774153
-2.439212,4.7445602
12.483191,1.549394
36.97087,15.647886
2.9000545,0.8217783
34.722992,14.145327
37.765247,14.973817
24.197346,2.3722246
35.67535,13.625311
-1.6135013,-0.7387167
36.116573,14.282524
23.12513,2.0550356
17.6527,1.344664
25.85652,4.7083063
14.8535185,-0.06488
5.7290525,-6.978252
3.9834766,-4.183189
2.4173362,0.6840869
13.763601,0.5921742
2.1652086,1.0696768
27.344475,7.9763494
23.60691,6.8775935
-1.5386004,-0.2889268
3.5911164,-3.9585137
-1.5724218,1.057885
23.222353,2.1619477
18.359238,0.34896472
2.1542907,-3.8105564
17.527584,4.409731
2.390924,-7.1942296
1.6088705,-4.1401877
4.1642675,-6.685608
-0.07849166,0.14571466
16.345507,-0.45502302
5.722942,-5.363885
-2.5442688,5.9846196
3.2268422,1.0747
14.3929615,2.62252
6.4494247,-5.796803
1.3943675,2.5525005
3.5046391,-7.493221
3.566345,-3.2350566
26.969383,2.9911213
27.164661,3.0777469
27.189724,3.0995333
0.19247797,-1.286765
2.4964526,2.5813746
0.69739777,3.3493311
10.1916895,-0.66316545
27.149015,8.615484
6.389376,-6.251617
-0.16710088,-1.0741509
33.66542,9.5577545
30.872776,10.141427
3.225124,-6.5727644
6.149632,-5.192811
32.109318,7.664723
33.712162,9.712029
6.356086,-5.967425
1.4850338,-2.9606104
26.390123,2.8776734
0.9145451,-5.551302
-1.6432154,-0.8898047
22.265856,6.2549453
27.7359,3.124818
0.51450115,3.188963
0.80982,0.6780528
4.974136,-0.41428313
3.5936558,-5.5961366
0.06129173,-1.7908347
26.425396,2.8868072
-2.584457,5.976561
28.629438,8.354823
35.685703,15.814549
2.3248281,-6.662508
-5.781773,1.5733759
36.30645,18.015823
35.111515,12.498381
2.5355196,0.6350626
27.249134,4.5706367
1.4599566,-6.5611196
-1.3988435,1.6363269
6.5023637,-6.2954655
21.592064,5.973086
1.5677209,-0.5612067
30.030502,9.811875
24.890533,2.487713
1.7932191,-5.411185
0.2846413,0.8549937
6.3922334,-6.2435184
3.2238543,-3.1105208
-0.97989124,0.3116435
14.023814,0.92271054
24.495642,2.597125
35.838116,17.382017
23.984074,7.0421014
32.845676,6.697348
3.3049767,2.7435257
1.8400204,-2.6831512
-0.7527289,-0.24772345
5.7780538,-4.418924
12.8874655,1.5566252
1.19803,-6.8810496
2.1106057,-1.4046832
24.18316,2.428353
25.611668,2.6901743
24.366896,7.229509
1.7907629,-0.16269742
-2.6472712,5.8916507
-1.6566908,0.03475453
2.3798866,2.9511752
4.9000244,-7.157784
2.8321064,-3.5996401
1.0274966,-2.0082245
22.739681,2.023201
19.623653,0.79734623
23.272562,2.1536865
19.322344,0.67260695
6.416037,-6.6494403
25.153425,3.787726
12.573657,-0.28901252
1.8331842,4.187595
5.38718,-5.322777
-1.8535597,6.368049
-1.9122057,6.024405
6.1557803,-4.056129
0.40718535,0.018684285
-0.6917345,-0.10949646
1.5994442,1.0518001
13.252999,1.9041885
1.6946719,-1.2197319
15.892395,3.6273358
14.408761,2.6364405
20.002007,0.9609066
0.56497294,3.7080772
0.579418,-5.474713
3.2409163,-4.5443406
25.551035,2.6956005
4.4885917,-6.2777996
37.584156,14.196459
4.7471,-5.505868
19.958721,0.93049145
37.853203,14.783918
33.51053,10.910953
32.25169,7.097444
31.985638,10.072065
24.322462,2.7438579
1.5033736,-6.595675
-5.765924,1.5727901
33.381878,11.358329
21.077936,1.8645159
-1.2338977,-1.5140429
1.3592916,1.1156263
6.4333615,-2.4760773
2.428388,-6.8576875
0.53232557,-5.588956
23.235836,6.496737
19.51404,0.9711242
31.377039,4.0938797
4.2427163,-3.6582174
2.5942316,-6.2622304
21.740297,5.7033744
-1.9622185,0.8929472
4.763118,0.6320325
15.76487,-0.43321082
4.6534266,-5.991712
1.7361088,-4.7807293
2.205812,-3.0218306
1.8288932,-2.1487942
2.4238117,-3.3518
6.3881555,-6.5253773
1.4340901,2.928084
30.263079,3.874364
34.76228,12.019997
7.9684157,0.2016076
13.037346,0.27045956
2.2342257,2.0674248
4.438626,-4.7306204
2.1178317,-1.590633
32.98399,6.0992026
-2.9931304,5.2075515
-1.6267042,-0.85036445
7.50418,-0.6989902
-0.927092,6.21862
4.268209,-5.63214
5.386336,-4.4429765
2.282079,0.44741622
17.940365,0.32192233
11.766501,-0.87820184
3.7820923,0.003139155
25.871227,8.045077
18.540224,1.2996657
18.300217,0.23541822
31.33336,4.1739883
32.990696,6.3280263
17.598827,0.6176518
-0.41854855,2.5460556
9.707084,-0.07002936
-4.807999,1.387615
10.252243,-0.29145822
31.062754,4.175513
1.7755029,-1.0444962
-1.631993,4.80867
23.681723,2.2986069
22.134779,1.9515938
4.2789617,2.3103232
18.653278,0.69247633
16.614208,-0.61762357
28.50396,3.4095232
13.964762,0.8036641
12.9777775,0.5120338
32.525616,7.0950646
11.179825,-0.92044294
0.84550387,5.0811696
30.529772,3.8142276
9.864633,-0.7888831
-5.685723,1.552142
30.468052,5.5344825
5.0189037,1.6370231
4.1508384,0.74042356
24.719458,7.4010386
13.84942,2.2239451
14.180099,2.5259876
0.9938293,5.358931
1.175421,1.289961
-5.7990994,1.5766658
-1.0320609,-0.5327109
5.9746804,-0.33007178
36.91837,14.175248
-5.5504494,1.52064
3.8228035,-4.948712
35.38614,11.613744
33.56731,12.198419
9.732389,-0.753286
3.2704935,-5.7150393
17.465572,0.6137481
14.120297,0.6260108
6.0385623,-5.490186
12.953485,-0.60082495
18.364555,0.9950397
16.641819,3.4849002
27.901012,3.132691
25.948545,3.272105
15.734073,3.388856
2.294916,-0.5554615
2.6149082,-0.25255808
14.430381,-0.4699796
24.265137,2.4302413
29.909073,9.770144
0.2859483,6.0977654
-0.3023121,6.3261933
12.512599,-0.23346554
4.2960987,-4.61357
20.679873,1.319762
0.6505962,-2.2164383
27.573162,8.770969
26.738869,8.481307
31.653372,6.7613535
5.540216,0.1313745
-2.5402539,4.8863373
20.628996,1.4135531
1.4197397,1.969872
24.884853,3.1413057
37.954655,16.404913
2.962971,-3.1932325
-1.2579999,6.2479563
5.0864644,-0.2517217
15.695672,-0.7014972
35.39741,12.04555
31.847372,5.798682
16.309603,0.45639935
28.08451,3.3415875
0.783876,-5.195223
20.101692,1.0069875
26.32744,2.87775
-1.6025295,-0.9943856
0.43561986,1.5204479
9.743185,-0.7355951
26.995333,8.573133
0.3543897,5.9209795
14.816712,-1.011047
4.819481,1.7570924
15.620675,3.5174727
0.9726055,-1.1767582
0.10698846,6.1507053
-3.3584971,5.11389
1.6915696,2.1502447
32.74221,11.032189
28.791151,3.3212087
5.8905673,-2.8723807
23.679758,2.6964083
28.994791,3.2880259
5.775945,-4.603849
0.91172653,5.4145265
13.54139,-0.75075114
-3.6243362,1.1855067
31.582367,7.717112
33.581,11.790551
-1.0226426,-0.4353095
33.8204,10.136166
26.907192,8.537737
4.002779,-5.000485
31.774347,10.56798
27.032377,3.0261014
18.551285,0.40581873
-1.7046247,-0.8987061
4.3010464,-4.122399
17.269138,0.07822026
13.366596,0.09033193
2.046014,-5.5071616
21.836462,1.8061025
26.180529,8.142614
31.865204,7.1471496
1.7532036,-0.43714604
36.735157,12.9676895
33.567715,9.361209
12.353242,-1.1523799
24.780247,2.4678674
-1.1122794,5.8593435
5.9676957,-5.483907
4.773642,-4.150727
-3.3167014,4.592262
4.77987,-6.0106688
-1.4106562,6.460975
33.754475,9.702197
23.249931,2.1649127
6.6657724,-0.90594304
-2.7532434,4.184737
-0.12763926,5.2702775
32.238846,8.896274
-2.010796,4.01912
32.31466,7.9978714
3.3073113,-4.312239
33.24114,8.767088
21.795303,1.779829
33.580112,11.448431
20.897163,1.5011011
-2.8989062,5.011792
8.075909,-0.49692377
-1.4269447,6.3990407
25.146503,3.4247777
1.2696645,-3.401349
3.5381436,2.1690507
5.9165254,-3.841525
-1.4013088,5.782123
2.5543356,2.151338
-2.424746,0.2126918
31.343407,9.714091
1.8352263,-2.1753957
33.217644,10.334919
-0.39862582,2.1862035
20.19724,5.4325647
-1.5385511,1.5526036
3.5100365,-0.86901796
32.05843,10.625053
35.716072,13.876317
1.0300999,-5.0780373
2.0840106,1.3934729
0.4645894,-0.6060995
33.671757,10.144589
30.947044,8.387621
2.7180943,1.2520653
1.5536075,3.9500487
2.1534998,3.549262
36.62718,14.08117
26.381643,8.284866
1.7761304,-0.7159823
35.442883,11.729044
3.4797695,2.9094853
1.7975235,2.0876803
36.241283,12.578175
4.8283505,-4.4385
-0.87325925,-1.6679472
1.13346,5.451896
36.259125,17.08589
32.328426,7.894796
12.300494,0.38239065
32.02616,10.680971
31.954506,6.698551
31.541996,8.493659
16.671898,4.007881
3.4804635,0.24094905
12.3153305,1.0438269
31.565258,4.2359166
1.0465488,-0.9726392
25.735018,7.8598504
35.177685,11.564467
18.598448,1.134314
32.928555,7.4097996
7.495354,-0.99306595
37.99864,16.010765
4.997234,-6.7212424
13.799718,-0.005578382
0.3114901,5.9328494
21.37325,1.6336704
9.812822,-0.48859343
2.3624508,3.1660664
26.70259,8.436218
5.3480897,-5.547128
33.523716,11.433426
32.916252,6.6072955
30.708176,3.8774128
6.653471,-0.94614947
4.1519833,-7.5675864
12.311365,-1.18353
9.82058,-0.3703762
12.232353,-1.0455173
-0.88671154,5.199882
28.164864,9.016201
0.7346738,-0.49804386
0.46600583,3.2223809
15.812632,0.07488145
36.049656,17.869904
2.4370465,-4.4708652
-0.8895592,6.2436233
31.130482,6.320596
10.981474,-0.10710107
4.3302474,-2.311126
10.152188,0.21274985
16.458813,-0.32445034
21.884418,1.7781872
21.18345,1.5557486
28.591364,3.3025377
11.694797,0.89423406
5.5363975,-0.41750655
33.107803,7.9918523
2.0484264,2.5431442
1.3703473,4.814728
24.247612,7.193842
33.74624,10.072668
2.70037,2.6332936
30.467417,3.8747225
-4.0945134,1.5400795
1.7983668,2.971725
4.6277456,-7.291227
9.980235,-0.7178863
-1.5789402,3.5206885
16.706196,0.74293625
4.189238,1.3640689
13.998279,1.614776
2.1153798,-3.0608046
-1.6641977,1.9404144
4.5009336,1.3341056
-0.92721003,-1.5933833
32.067303,6.714889
5.2174454,-4.3319116
27.265617,3.0840006
29.698004,3.8880484
9.803044,-0.9575156
12.988757,-0.4637502
26.852526,8.503771
35.203632,11.600744
24.504107,2.4879484
13.318265,0.8886939
10.824995,0.8620335
35.823685,14.214319
35.687035,14.252016
37.66376,14.813368
36.833225,16.29652
2.338299,-2.8500652
2.2568407,-0.67722285
2.3827639,-5.740636
1.7299562,2.653337
32.18464,7.5709224
1.6621614,1.6319987
2.3369255,-5.362428
2.1880639,-0.47378048
30.714005,3.8694649
36.239162,14.454143
17.511972,0.66398144
-0.8470358,-0.7555293
-2.5367763,5.599583
-2.1324239,6.167796
18.503633,0.2189299
36.880848,18.519611
4.988383,-4.8568635
26.605917,2.9397888
-2.3267226,5.7256036
4.4634995,2.1527147
31.181124,10.294387
26.752596,8.485736
25.877398,8.011894
17.002203,-0.15887986
-1.5786211,5.76705
3.9097066,1.6654083
35.73599,11.963292
35.81231,14.2849655
30.455818,9.995072
2.767124,-3.1756546
31.026514,10.239075
9.480142,-0.3112944
6.4724174,-0.16026388
15.0577135,3.115641
30.689484,10.101365
-1.2713814,-1.2417637
25.916548,2.7047946
27.438316,3.0340889
5.003576,1.1991173
37.347507,16.468111
-0.45014092,6.13666
3.694293,-6.5207057
21.346565,1.612218
-0.38820812,5.863679
28.006836,3.1905072
3.0475428,2.3605118
37.847767,14.750612
19.279215,1.1952161
0.32257655,-1.2750365
31.954197,6.5538793
36.66058,16.331026
4.848549,-5.4663157
0.8026615,5.589346
1.2852027,-4.6316075
-4.8865023,1.5579795
1.4169538,-1.9796264
3.2914438,3.862545
31.653608,8.621153
36.010548,14.373539
30.478903,10.003655
4.425799,-6.3075128
25.702171,7.8222203
28.527645,3.2652965
35.104214,12.616235
21.11013,1.577584
6.461854,-6.451925
16.550383,3.9030247
5.16577,-6.223008
-0.33067986,1.6166161
32.640697,11.016065
3.5953367,0.7097783
-2.3904183,0.19541116
27.107794,8.589153
1.8169713,-3.2249765
1.1428227,1.7494096
19.833363,1.052234
36.109478,16.75461
1.9107432,4.607517
-0.17620131,1.6530054
-2.9126167,5.732059
36.862843,13.06865
1.4586594,-3.6651113
1.8849564,3.3319993
4.3063636,-4.5819135
-0.724719,6.203133
23.426733,2.1577907
35.573654,12.832501
1.9259572,4.247795
0.5451508,6.6337824
36.273834,18.215008
4.2647023,-5.2608266
25.238367,2.5982285
17.272764,0.9959657
21.301643,5.857692
27.808994,3.0840707
22.086418,6.222759
23.510508,6.8358636
11.1490755,0.08150233
-2.54802,4.500756
2.927547,2.6744738
-1.2434778,-0.27836987
-1.5180681,6.2860126
36.672813,15.487112
30.420631,7.4698324
25.147108,2.5349727
-0.792267,-0.49304947
23.195883,6.707371
1.0718498,0.74458396
36.3127,16.988459
12.751379,-0.0047215056
34.32087,10.651472
0.11375478,6.1007357
9.440872,-0.46448645
1.3574858,2.1530945
33.603447,9.458517
34.191048,10.595551
5.9297657,-4.1396775
31.40689,6.9252057
36.44998,14.938028
20.336313,1.6363002
16.142214,-0.7147232
15.437536,3.2956405
-0.3648052,6.4933186
2.7738867,4.391749
22.285881,6.2938194
-5.2428074,1.523572
7.0214,-2.501552
-0.96750015,6.617971
35.65707,13.95613
26.841053,8.509286
32.58901,5.024647
32.524837,10.153473
0.5152889,0.9546164
31.60876,8.676379
21.660122,5.6649523
4.0670624,-0.11868249
1.8153274,1.9348361
5.545739,-5.0149746
32.554176,11.037956
-5.1410437,1.498483
35.776546,13.29503
-3.3771894,5.0922647
18.067236,0.9910375
2.2777357,-1.0016423
23.820795,2.1966314
23.078972,2.6427298
30.934097,7.605901
1.4341018,3.9625425
2.5476842,0.48754397
1.2463744,1.5272464
26.846195,8.49931
1.4573436,-3.565298
33.48678,9.125758
1.8385756,1.9941663
0.9498125,4.5516267
13.123649,0.17141475
1.2598381,5.6906176
25.679962,2.7394965
21.788076,6.0409575
5.1932178,1.6986231
0.62033564,5.104824
37.62305,17.753996
-2.660036,5.439404
2.0057225,3.4397132
19.052809,0.5272577
-1.5595493,6.421515
-3.1680317,4.87653
20.665264,1.347297
13.002153,-0.2939299
12.607073,1.7248632
15.004014,-0.49173817
29.232391,7.89255
31.44296,7.022234
1.5763121,-2.2703798
35.864624,13.005193
22.639841,6.4005547
0.09860852,3.5555878
1.6256568,1.6313772
29.42083,4.131954
36.853794,17.449541
2.819271,-3.5240285
13.157414,0.03478588
-1.9616675,5.5076513
11.140151,-0.6426009
13.36713,0.6525606
3.5014033,2.7452183
33.37161,8.911945
28.14097,3.2970736
32.51505,5.102319
31.648684,8.971029
25.827755,3.775598
13.925574,-1.3088413
4.51145,-1.7134451
1.1629038,-2.1613832
-0.04816052,6.078562
27.458607,3.3416126
32.5019,9.8747
-2.8811643,4.115726
3.9238417,-7.431085
6.501364,-2.3032808
3.7672412,1.7068099
11.38667,0.8034073
3.7152212,2.9371526
22.85912,2.1306453
32.46863,9.486083
17.764023,2.157075
35.406452,11.729906
29.60246,7.700669
3.7187338,0.9995526
36.6974,12.9688225
4.4903445,-5.264972
1.872757,4.4266586
17.704662,0.2730297
3.6372862,-6.7259946
4.4259,-5.0717087
30.598959,4.13115
-1.2046475,-0.43735918
-0.52573866,-1.6460563
19.453745,0.8534412
31.561417,5.5984087
6.833606,-0.8524965
9.640224,-0.87785375
5.411614,-0.6110457
32.74846,10.416559
22.38484,1.9688777
13.390587,1.4470743
14.274401,1.0924629
-5.6927104,1.5544271
14.785975,-0.63755405
17.604519,0.03817047
32.121742,5.3109546
26.048248,3.191142
13.696694,0.96991074
4.3365865,-6.6930413
-4.67831,1.7130023
37.234966,14.751943
-0.71838874,3.2134552
1.6059039,-4.8739524
-5.3880467,1.5319698
2.1793034,-3.473212
30.56226,3.9293556
-1.753164,0.40842667
24.813011,2.420809
22.41381,1.9650854
11.80293,-1.045194
1.1306436,-0.15341102
0.5760072,-0.13948046
7.445231,-0.76250136
13.522981,-1.0624968
-2.7514987,5.0094676
24.558325,2.390833
36.293247,18.143356
-0.28276345,1.6200199
5.5694103,-1.4852759
12.950887,-0.7992934
16.548536,3.9454048
8.112313,0.20197453
27.308792,8.683285
-4.794967,1.5802805
0.15903476,4.2185106
2.1970522,2.9808037
2.4796278,-1.9215981
36.36201,14.665728
19.698572,0.9207063
15.574382,3.5103226
-1.2846954,-1.3377341
28.093237,3.340817
-3.9982467,1.1318526
22.393684,1.9475223
26.385996,2.904585
9.324375,-0.8316153
27.932167,8.862089
26.412708,2.852158
7.0900927,-0.19240199
36.48697,16.869774
10.769398,-0.55652416
-4.145468,1.2723609
-1.0901206,5.0758734
14.941982,-0.4945458
0.39752916,4.34337
4.017694,1.9461647
17.221931,-0.2767652
-3.3852282,5.233104
2.3190436,4.3098397
2.214434,3.251963
-0.75903267,1.4109375
26.824162,8.490693
23.932348,2.3007054
18.501123,4.774522
12.398078,-0.57432544
14.365731,-0.040996656
11.116719,-0.7407235
14.202167,-1.337741
26.145208,2.8446877
35.713596,12.991134
16.511086,-0.30158862
20.963058,1.5935633
2.2031538,3.2987351
-3.272453,5.371548
8.970251,-0.7405902
15.413494,3.4412704
27.232924,3.156675
11.650055,-0.5531603
-0.912528,3.628633
21.244743,5.8228655
14.613703,-0.5631801
1.5045621,2.1630478
-1.9099131,6.011517
35.084354,12.955585
26.76001,8.478271
-1.4197075,-1.4262854
6.6460147,-0.7442318
11.476865,-0.93204224
5.4821787,-6.886662
1.7624564,0.53123915
0.7311831,5.757761
20.699223,1.2908067
17.881363,1.0590432
36.338406,15.58431
24.751781,3.2665524
25.079344,2.5439796
21.350628,5.8757386
6.9848256,-0.6164323
35.52227,12.573901
6.2343745,-0.50044477
28.969807,3.4736905
0.7872258,2.6349425
16.405418,3.902126
23.394156,6.7889276
26.680277,8.42922
33.587692,11.434627
1.1618524,-4.4076347
25.810703,6.500433
13.064927,0.23253764
13.136206,-0.32704362
1.2686448,-5.5040426
2.1261172,3.8266172
3.321428,-0.9834286
27.27286,8.671433
37.75533,15.192646
2.3382578,-1.2372516
26.727514,3.0019953
2.3723145,-5.0349035
15.969926,3.6921816
30.025053,4.314427
1.9247575,2.6971505
18.9423,0.48849997
-1.0666511,4.822631
31.445238,10.403687
4.734717,-4.8506913
17.960377,0.1822343
-1.7358708,-0.24471901
22.387266,6.2889256
-1.6272926,-0.5986935
20.894653,5.728287
31.032324,4.015229
36.694397,12.907719
-4.6276474,1.3968875
-1.0288236,6.6668873
1.7828217,1.8231072
34.209156,12.958495
1.4074936,-1.3610781
28.529861,3.2654104
36.190407,14.185143
2.9724166,-3.2407217
-1.2010653,5.951728
16.417837,-0.48959693
32.77754,11.145757
31.372488,9.2975645
1.9727576,3.3386674
0.7813795,-4.3752656
16.18672,0.92242086
20.357481,5.5124936
31.12691,4.431451
35.933147,14.682401
24.310328,3.831378
28.379126,9.121103
12.785728,-0.7685131
-0.11669251,5.782467
0.6744209,2.3005612
4.4442487,-0.4489816
27.657928,8.804001
0.89843065,0.80440056
-1.7267132,2.3878195
9.0418215,-0.97832286
13.5797415,2.2123578
2.1893198,0.2504622
38.000263,16.4036
-0.29651138,6.6022453
2.3944335,-2.015038
26.4245,7.588198
5.9850407,-6.797813
14.673459,0.39055124
3.8174067,-5.030158
0.9749461,5.754698
14.871701,-0.9082829
28.811771,3.3312914
-5.7461925,1.5869471
32.673145,10.036419
19.2994,0.7811078
37.70069,14.408146
14.372827,0.6880369
34.968784,14.551419
25.437666,7.8178725
5.717827,-6.5683274
37.704964,14.421103
32.457962,5.1778865
6.315005,-6.885145
10.934809,0.52520573
-2.6592906,1.3789951
-1.4834008,-0.7917565
0.9906369,-1.2964693
1.1780884,-5.2224364
34.8995,14.41589
1.1924427,-3.9601045
2.4758005,-2.5241117
3.0271618,-5.705196
14.566125,2.7628288
2.8162365,-1.6135956
34.309742,11.609793
36.11069,14.879429
13.003146,-0.5211264
33.15673,8.3358965
0.019321952,5.7805753
1.4382167,5.680557
27.502922,3.0699975
14.237918,-0.9235233
-2.5164626,5.107067
36.39477,17.915064
4.95387,-5.862296
11.8822775,0.5268997
1.8245838,3.9469707
33.60256,10.452802
21.837332,1.7716454
22.661327,6.430615
3.2344387,3.944774
-0.4525375,-1.8592504
2.346962,4.73311
-0.59661216,5.637211
4.67067,-0.09879409
27.284386,8.663509
33.652905,9.514345
33.46668,9.098669
-3.5464325,4.6034794
0.7498775,6.012293
1.4267745,1.9937564
36.16106,17.804512
31.636341,4.309329
2.8811033,3.0100496
32.196117,10.746084
2.0613956,-4.7395015
-1.29373,6.0761404
5.3267455,-0.44701514
33.823105,11.07342
2.0371392,4.970041
24.44947,2.6301115
16.536377,-0.41440496
16.115835,-0.5352067
2.2858856,2.629595
23.765266,2.3019583
22.057978,1.922572
1.2912035,-5.709652
31.73433,9.460713
29.257957,3.5420206
4.2607403,1.780871
14.278062,-0.8746408
18.175417,0.15560462
-1.1760278,2.265444
20.967371,1.5283037
2.5633373,3.2999191
0.8523727,4.3360167
21.568274,1.707259
4.6034636,-0.76685846
21.601816,1.8197329
32.338196,10.600718
2.0633612,4.27124
1.2496493,5.057069
31.300543,9.867228
-0.5493602,0.73849165
4.1911144,0.1980442
5.697007,-4.3077583
26.3471,2.895729
14.564539,2.3883407
3.392427,-5.2584915
7.1702476,-2.3294559
0.08218768,6.3111424
14.826008,-1.0652207
-5.7686477,1.5702795
19.812212,1.1300732
12.793106,-0.13044797
34.343555,13.2109
5.928167,-0.88532746
10.012293,-0.88819396
31.910845,7.2266903
23.673185,2.3906455
-1.499505,1.5144619
5.3980746,-0.2826346
6.3800664,-6.0718026
-4.6649323,1.3994311
1.5648427,-3.5115082
5.731537,-0.6566855
18.629303,0.34615842
-2.659079,4.9146123
4.259135,-0.509585
7.652905,-0.97989666
-2.3589668,4.809362
5.9436407,-0.7471484
5.6019497,-0.41104254
10.966792,-0.84121144
0.7847715,1.1164577
10.2066765,-0.7408956
-1.3534787,2.1799774
-0.84889096,0.70166314
7.1791706,-2.0358224
21.727688,1.7675217
-2.9693866,4.6725464
5.359122,-0.41169676
-3.2730746,5.153253
0.07267144,3.5528336
10.6267185,-1.00113
7.5442986,-1.1460596
11.077843,-0.70616186
-1.3460827,5.1775513
-2.2523615,4.5066524
-1.4589942,1.7389953
3.0907493,1.0312036
10.167782,-0.7399913
6.2763443,-0.88468516
18.002865,0.081117526
9.791909,-0.760069
5.1389112,-0.27842435
9.075645,-0.69383156
2.9464054,0.013634341
-0.25297663,-2.205249
10.003101,-0.88213766
-3.0418973,5.38819
-3.0415933,5.2886486
5.5109854,-0.6163236
4.8342137,-0.11090432
6.5600796,-6.580573
6.750737,-0.89918005
-0.2101104,-2.0068479
-3.2668045,5.108602
-2.4748087,4.00182
9.470286,-1.0384182
5.336123,-0.5316955
-1.9293284,4.3655105
-0.1906285,0.641747
-0.22308585,4.0418143
6.094672,-0.9110409
12.462429,-1.164981
12.442685,-1.2045428
1.0275955,2.0237198
-1.4485652,1.7994026
5.80619,-1.0669397
7.024377,-0.74637234
-1.3649123,1.5135044
-1.6939442,1.9451002
22.35608,1.982337
-0.013868776,1.9701287
9.234659,-0.6639458
27.481277,3.3631465
13.044758,-0.18770681
1.8483729,2.0437596
-1.3896966,2.9348812
4.1752386,1.0333163
-2.660255,4.9258194
8.355038,-0.3873256
-2.0745862,5.3229327
-2.3697934,4.6567574
15.011909,3.119214
-1.588912,1.5039905
15.313878,-1.0322628
-0.10193774,-2.1802993
-1.6774685,2.0589743
-1.959099,4.868887
-3.3435047,5.2414446
-2.109737,5.259932
3.7863026,1.8295811
-3.2900612,4.9723554
-2.5124292,5.5879235
5.557884,-0.7586533
-1.6311102,3.2871776
-0.4133403,6.1934214
-2.1253853,1.9850409
28.518671,3.1502528
5.8342466,-5.3882565
-3.019672,4.4042845
-2.8464515,5.1736426
6.3809943,-4.631128
15.113393,-1.0963649
11.580695,0.5306057
2.4511945,-1.394121
-0.107251614,3.0745854
16.391668,-0.67236185
29.05493,5.997288
-1.468499,2.7429266
-3.1574516,5.1909156
7.9572573,-1.2778658
6.216971,-0.86591184
6.515947,-0.9394003
7.8806796,-0.5222987
-0.63774055,1.6721293
-2.7054787,5.14238
-1.6105251,1.983773
23.363407,6.650832
1.832726,1.2941037
16.872154,-0.46596
-0.10220739,-2.2410822
-2.1581235,5.198053
10.555067,-0.9684235
3.7947922,2.7335887
3.736747,-0.3702217
31.197662,6.074563
0.32730773,3.6316583
0.4527569,1.2517629
11.099348,-0.6680988
8.201353,0.29065147
1.2956719,1.6060508
7.8838367,-0.9967135
7.385228,-0.49182948
15.337352,-1.0320789
-3.2402873,4.8891573
-1.6710279,1.9883066
-1.4985573,1.5721296
3.590798,-2.0879886
-1.6848097,2.0965214
0.6579972,3.5205646
31.87586,4.466796
29.190376,3.5046809
2.6151571,0.16035809
23.154245,2.1006339
-1.1374493,4.901894
25.947264,7.321508
11.631471,-1.0623544
16.03397,-0.862265
-1.5663538,5.1016126
5.5038886,-0.4518567
-2.928358,4.580404
11.43154,-0.42877015
0.1744428,5.97613
25.317696,2.6932528
10.398692,-0.578632
-2.2536864,5.4717517
16.106392,-0.7293128
4.791417,-0.21390735
0.5532232,6.0355387
1.2948833,4.1847053
3.065361,-0.322857
8.160484,-1.2857302
6.763411,-3.0207605
-0.39308545,3.8796954
2.9954455,2.5196576
-2.9597616,4.732713
-3.2003794,4.765063
9.676788,-0.94254315
11.947122,1.2836488
-2.036204,5.137689
-1.4543931,1.594545
-2.6196785,5.185295
3.1609664,2.0832958
7.3628874,-0.49652943
0.09105304,5.2918663
-3.084241,5.1347265
-3.3315194,5.38294
7.3684,-1.1327742
4.533218,-0.40298876
9.460783,-1.1398197
-3.1621962,4.551666
7.813473,-1.6360871
7.814616,-1.079986
-2.5373483,4.380153
-1.5710604,1.7948393
1.3492296,0.048456565
4.4589,-1.1255213
-0.9601843,2.6633816
10.968125,-0.9080919
-1.566755,4.899203
-3.1100929,5.2562513
-3.131773,0.5544754
12.124922,-0.8855709
-1.828222,2.7703466
-0.29360363,-2.0493226
-0.9667117,1.6775502
-1.1137321,1.6187991
-2.4304657,5.4497004
9.711703,-1.2178816
17.272074,-0.22966681
-2.1087174,2.803102
4.583648,0.41371742
-1.3775375,2.1573617
-3.36842,4.727617
7.1528215,-0.52313817
1.2074802,4.0838723
3.9381483,0.4241859
7.199627,-0.92011344
-2.492217,5.2395196
10.264342,-0.8974267
6.1462655,-0.76975524
18.584341,0.25442412
-3.1869502,4.0230675
-1.7114925,2.1103404
6.2946115,-1.1913887
7.223666,-0.6621841
5.685311,-0.42752108
-3.0835974,4.552295
-1.1533656,2.691443
-2.8947744,5.117385
11.072235,-0.7362455
-1.3364944,2.7081726
9.623824,-1.008201
16.740171,4.0512967
36.838047,18.401913
17.90921,0.6684755
-1.6490295,1.9725453
-3.3002067,4.953808
7.314604,-0.62910926
21.935472,1.7861298
2.1949797,1.3636888
5.999113,-0.89166796
-0.8179206,4.1920996
8.958436,-0.6555425
-1.9106295,3.3534796
